,term,entity_id,text_1,text_2,text_3,text_4,text_5
0,aboriginal,odwn-10-101180571-n,aboriginal,oorspronkelijke bewoner van Australië,[],['aboriginal'],['oorspronkelijke bewoner van Australië']
1,achterlijke,eng-30-09921409-n,achterlijke,,[],"['sul', 'dwaas', 'meeuw', 'achterlijke', 'idioot', 'sukkel', 'goedzak', 'lobbes']","['al te goed persoon', 'goedige vent', 'bepaalde wit-met-grijze vogel']"
2,achterlijke,eng-30-10100761-n,achterlijke,,[],"['achterlijke', 'debiel', 'druif', 'dwaas', 'gek', 'halvezool', 'idioot', 'imbeciel', 'kwibus', 'lijp', 'lijpo', 'mafkees', 'mafketel', 'mafkikker', 'malloot', 'nar', 'piechem', 'zot']","['onverstandig of gek persoon', 'dwaas persoon', 'onverstandig of gek iemand', 'dwaas persoon', 'dom iemand', 'stommeling', 'raar iemand', 'gek iemand', 'gek iemand', 'raar iemand', 'dwaas iemand', 'gek iemand']"
4,achterlijkheid,achterlijkheid-n-1,achterlijkheid,zwakzinnigheid,[],[],[]
5,achterlijkheid,eng-30-05646218-n,achterlijkheid,,[],['achterlijkheid'],[]
6,afkomst,eng-30-08510456-n,afkomst,,[],"['komaf', 'oorsprong', 'herkomst', 'afkomst', 'origine', 'bakermat', 'haard', 'kraamkamer', 'wieg']","['oorsprong', 'ontstaansplek van iets', 'plaats waar iets of iemand vandaan komt', 'plaats waar iets is ontstaan', 'oorsprong']"
7,afkomst,eng-30-04923743-n,afkomst,geografische of etnische oorsprong,"['ze is van Russische afkomst', 'dit woord is van Grieks-Latijnse afkomst', 'ik ben wie ik ben en ik kan mijn afkomst niet verloochenen', 'van een (bepaalde) afkomst [zijn]']","['afkomst', 'afstamming', 'descendentie', 'geboorte', 'herkomst', 'komaf']","['geografische of etnische oorsprong', 'afkomst', 'afkomst', 'afkomst', 'begin, startpunt']"
18,afkomst,eng-30-07970721-n,geslacht,mensen met gemeenschappelijke afkomst,"['het geslacht van de Bourbons', 'stammen uit een nobel/adellijk geslacht', 'van een voornaam geslacht', 'tot een rijk/adellijk/aanzienlijk/oud geslacht behoren']","['familie', 'geslacht', 'huis', 'maagschap', 'staak', 'stam', 'tak']","['verzameling van bloedverwanten', 'mensen met gemeenschappelijke afkomst', 'geslacht van mensen', 'familietak', 'alle mensen van één geslacht', 'deel v.e. familie']"
20,afkomst,eng-30-06009086-n,afkomst,,[],"['herkomst', 'afkomst', 'oorsprong']",[]
21,afkomst,odwn-10-106166180-v,koketteren,pralen,"['met zijn adellijke afkomst koketteren', 'met zijn slordigheid koketteren']",['koketteren'],['pralen']
22,afkomst,odwn-10-104552692-v,beroemen,zich laten voorstaan op,"['je erop beroemen dat je stevig hebt bijgedragen tot de emancipatie van de vrouw', 'je erop beroemen dat je van adellijke afkomst bent', 'zich beroemen op zijn talent voor organisatie']",['beroemen'],['zich laten voorstaan op']
23,afkomst,eng-30-01774799-v,minachten,verachten,['iemand minachten vanwege zijn of haar afkomst'],"['verachten', 'depreciëren', 'geringschatten', 'minachten', 'neerkijken', 'neerzien']","['verachten', 'iemand minderwaardig vinden', 'minderwaardig vinden']"
24,afkomst,eng-30-10577284-n,verkoper,iemand die (beroepsmatig) verkoopt,"['op genoemd tijdstip bevonden zich volgens de verkoper twee mannen in de winkel, die naar eigen zeggen van Franse afkomst waren', 'de koop is pas geldig als de koper en de verkoper beiden getekend hebben']","['handelaar', 'marketeer', 'verkoopster', 'verkoper']",['iemand die (beroepsmatig) verkoopt']
25,afkomst,eng-30-10157549-n,halfbloed,persoon van gemengde afkomst,[],"['halfbloed', 'kleurling']","['persoon van gemengde afkomst', 'kind van verschillende rassen']"
27,afkomst,odwn-10-107675980-v,generen,schamen,"['hij geneerde zich voor zijn afkomst/broer', 'zich generen voor iets/iemand', 'geneer je niet!']",['generen'],['schamen']
28,allochtonen,odwn-10-101546688-n,allochtoon,immigrant,['de integratie van allochtonen in de Nederlandse samenleving'],['allochtoon'],['immigrant']
29,allochtonen,eng-30-01237415-n,integratie,het samengaan en één worden,"['de integratie van allochtonen in onze cultuur verloopt niet zonder slag of stoot', 'integratie in (onze cultuur)', 'de integratie bevorderen', 'de Europese integratie']","['inburgering', 'integratie']",['het samengaan en één worden']
30,allochtonen,eng-30-13427078-n,assimilatie,aanpassing,"['gedwongen assimilatie', 'de assimilatie van allochtonen aan de Nederlandse cultuur verloopt soms moeizaam', 'assimilatie aan [de Nederlandse cultuur]']","['aanpassing', 'accommodatie', 'adaptatie', 'assimilatie', 'modificatie']","['aanpassing', 'proces of resultaat van aanpassing', 'aanpassing', 'iets dat wijzigt of gewijzigd is']"
31,allochtonen,eng-30-13980288-n,animositeit,vijandigheid,"['in de klas heerste een sfeer van onderlinge animositeit', 'een sfeer van onderlinge animositeit', '(de) animositeit jegens [allochtonen]', 'de animositeit tussen [de echtelieden]']","['animositeit', 'hostiliteit', 'vijandigheid', 'vijandschap']","['vijandigheid', 'vijandige houding', 'het vijand zijn met iemand']"
32,allochtonen,eng-30-07959269-n,concentratie,opeenhoping,['de grootste concentratie allochtonen is te vinden in probleemwijkende grootste concentratie allochtonen is te vinden in probleemwijken'],"['concentratie', 'congestie', 'conglomeraat', 'opeenhoping', 'ophoping']","['opeenhoping', '(verkeers)opstopping', 'tot een hoop gevormde verzameling']"
33,allochtoon,odwn-10-101546688-n,allochtoon,immigrant,['de integratie van allochtonen in de Nederlandse samenleving'],['allochtoon'],['immigrant']
34,allochtoon,eng-30-09484465-n,allochtoon,,[],"['vreemdeling', 'vluchteling', 'allochtoon']",[]
35,baboe,odwn-10-106744972-n,baboe,oppas in Nederlands-Indië,[],['baboe'],['oppas in Nederlands-Indië']
36,baboe,eng-30-09827246-n,baboe,,[],['baboe'],[]
37,barbaar,eng-30-09879297-n,barbaar,,[],"['schelm', 'hooligan', 'schurk', 'barbaar', 'beest', 'beestmens', 'beul', 'bloedhond', 'bruut', 'bullebak', 'kwelduivel', 'kwelgeest', 'monster', 'nero', 'onmens', 'pestkop', 'plaag', 'plaagal', 'plaaggeest', 'plaagstok', 'sar', 'treiteraar', 'wreedaard']","['onvriendelijke man', 'plaaggeest', 'plaaggeest', 'pestkop', 'iemand die anderen pest', 'iemand die zuigt']"
38,barbaar,eng-30-10410815-n,barbaar,,[],"['primitieveling', 'barbaar', 'boer', 'boerenhufter', 'boerenkaffer', 'boerenkarhengst', 'boerenkinkel', 'boerenlul', 'boerenpummel', 'botterik', 'grobbejanus', 'heikneuter', 'hork', 'hufter', 'kaffer', 'kinkel', 'lomperd', 'lomperik', 'palurk', 'plebejer', 'plomperd', 'proleet', 'pummel', 'raudauwer', 'rouwdouw', 'rouwdouwer', 'vlegel', 'woudezel']","['iemand zonder manieren', 'pummel', 'stommeling', 'lomperd', 'lomperik', 'pummel', 'onbeschoft persoon', 'lomperik', 'botterik', 'zeer onbeleefd iemand', 'onhandig iemand', 'prehistorische mens', 'onbeschoft iemand', 'onbeschaafd iemand', 'onbeschaafd iemand', 'onbeschoft iemand']"
39,barbaar,eng-30-10553402-n,barbaar,woesteling,"['de barbaren op de voetbaltribunes', 'een barbaar die zijn hond schopt']","['barbaar', 'kannibaal', 'natuurmens', 'wilde']","['woesteling', 'bloeddorstig persoon', 'natuurliefhebber', 'primitief iemand']"
41,barbaar,eng-30-10390902-n,barbaar,,[],['barbaar'],[]
42,barbaren,eng-30-10553402-n,barbaar,woesteling,"['de barbaren op de voetbaltribunes', 'een barbaar die zijn hond schopt']","['barbaar', 'kannibaal', 'natuurmens', 'wilde']","['woesteling', 'bloeddorstig persoon', 'natuurliefhebber', 'primitief iemand']"
43,barbaren,eng-30-00386390-v,kerstenen,bekeren,['barbaren kerstenen'],['kerstenen'],['bekeren']
44,batavia,eng-30-00306426-n,tocht,reis,"['een tocht van [Hoorn] naar [Batavia]', 'een tocht naar [de Oostzee]', 'een tocht om/rond de wereld', 'een tocht van [200 kilometer]', 'een tocht van [vijf dagen]', 'een barre tocht', 'een tocht(je) maken']","['trektocht', 'trip', 'tour', 'reis', 'gang', 'tocht']","['tocht ergens heen', 'reis']"
45,bediend,eng-30-05892651-n,eis,voorwaarde om in aanmerking te komen voor iets,"['topsport stelt hoge eisen aan het menselijk lichaam', 'eisen stellen aan', 'volgens de eisen van betamelijkheid dienen de dames aan tafel eerst te worden bediend', 'volgens de eisen van betamelijkheid', 'een goede fiets moet aan een aantal eisen voldoen', 'aan eisen voldoen']",['eis'],['voorwaarde om in aanmerking te komen voor iets']
46,bediend,odwn-10-109911010-n,gerant,winkelbediende,['een gerant aanspreken om bediend te worden'],['gerant'],['winkelbediende']
47,bediend,odwn-10-106745436-v,knippen,met de vingers,"['hij hoefde maar (met zijn vingers) te knippen of hij werd op zijn wenken bediend', 'met de vingers knippen']",['knippen'],['met de vingers']
48,bediend,odwn-10-100555933-n,voetrem,rem bediend met de voet,[],['voetrem'],['rem bediend met de voet']
50,bediend,odwn-10-105108812-v,bedienen,"van dienst zijn in een restaurant, café enz.",['Ik ben nog nooit zo slecht bediend als in cafe Bart.'],['bedienen'],"['van dienst zijn in een restaurant, café enz.']"
51,bediend,odwn-10-105507584-n,pedaalemmer,emmer met d.m.v. pedaal bediend deksel,['gooi het maar in de pedaalemmer'],['pedaalemmer'],['emmer met d.m.v. pedaal bediend deksel']
53,bediende,eng-30-10053808-n,bediende,"winkel-, kantoorbediende",['de jongste bediende'],"['personeelslid', 'arbeider', 'arbeidskracht', 'bediende', 'kracht', 'loontrekker', 'tewerkgestelde', 'werknemer']","['werknemer', 'werknemer', 'winkel-, kantoorbediende', 'werknemer', 'iemand die werkt tegen betaling', 'vermogen te werken', 'iemand die ergens in loondienst is']"
55,bediende,eng-30-02396205-v,aanstellen,in een functie benoemen,"['er werd een nieuwe bediende aangesteld', 'een bediende aanstellen', 'de gewezen wereldreiziger werd als burgemeester aangesteld', 'iemand als [burgemeester] aanstellen']","['aanstellen', 'aanwijzen', 'benoemen', 'designeren', 'maken']","['in een functie benoemen', 'functie of status verlenen', 'een ambt toekennen', 'in een positie brengen']"
57,bediende,eng-30-10582154-n,bediende,huisbediende,['een bediende in livrei'],"['hulpje', 'hulp', 'bediende']",['huisbediende']
59,bediende,odwn-10-105858995-v,tewerkstellen,werk geven,['iemand tewerkstellen als [eerste bediende bij de bank]'],['tewerkstellen'],['werk geven']
60,bediende,odwn-10-103725642-v,afstoten,wegdoen,"['ik heb mijn job als bediende afgestoten', 'een baan afstoten', 'het Ziekenfonds ziet zich genoodzaakt enkele zorgtaken af te stoten', 'taken afstoten', 'bij defensie gaat men de Leopardtank afstoten', 'materieel afstoten', 'bij de fusie worden de met verlies draaiende divisies afgestoten', 'een divisie afstoten']",['afstoten'],['wegdoen']
61,bediende,eng-30-00874537-v,inwerken,vertrouwd maken,"['de nieuwe bediende inwerken', 'iemand inwerken in een functie']","['oriënteren', 'inwerken']",['vertrouwd maken']
62,bediende,odwn-10-101393848-n,livrei,uniform voor huispersoneel,['(een bediende) in livrei'],['livrei'],['uniform voor huispersoneel']
63,bediende,eng-30-09928451-n,kantoorbediende,bediende op kantoor,[],"['klerk', 'commies', 'kantoorbediende', 'kantoorpik']","['kantoorbediende', 'bediende op kantoor']"
65,bediende,odwn-10-106526345-n,huisbediende,bediende in huis,[],['huisbediende'],['bediende in huis']
67,bediende,odwn-10-100928211-n,kamenier,bediende,[],['kamenier'],['bediende']
69,berber,odwn-10-101847342-n,Berber,Noord-Afrikaan,[],['Berber'],['Noord-Afrikaan']
70,berber,odwn-10-102482805-n,berber,handgeknoopt wollen kleed,[],"['berber', 'berbertapijt']",['handgeknoopt wollen kleed']
71,berbers,Berbers-n-1,Berbers,Berberse taal,[],[],[]
72,birma,Birma-n-1,Birma,land in Azië,[],[],[]
73,birma,eng-30-07972425-n,feodalisme,feodaal bestuursstelsel,"['het middeleeuwse feodalisme', 'het feodalisme in Birma moet bestreden worden']","['feodalisme', 'leenstelsel']","['feodaal bestuursstelsel', 'Middeleeuws staatsbestel']"
74,birma,eng-30-08715390-n,Birma,,[],"['Birma', 'Unie Myanmar', 'Myanmar']",[]
75,blank,eng-30-04752221-n,ongelijkheid,eigenschap van niet gelijk zijn,"['sociale/maatschappelijke ongelijkheid', 'ongelijkheid tussen [zwart] en [blank]', 'ongelijkheid in [de verdeling]']",['ongelijkheid'],['eigenschap van niet gelijk zijn']
76,blank,odwn-10-103281025-v,staan,in een bepaalde toestand zijn,"['bekend staan als [zangeres]', 'op springen staan', 'aan het hoofd van iets staan', 'aan het roer van iets staan', 'in bloei staan', 'in brand staan', 'in dubio staan', ""op straat/'de keien' staan"", 'voor gek/paal staan', 'op stapel staan', 'in verbinding staan met iets/iemand', 'in je recht staan', 'hoog aangeschreven staan', 'bol staan van [de fouten]', 'blank staan', 'op de bank staan', 'dat komt je nog duur te staan!', 'er staat je/hem/haar iets te wachten', 'iemand te woord staan', 'op je strepen/ponteneur staan', 'onder curatele staan']",['staan'],['in een bepaalde toestand zijn']
77,blank,niet-blanke-n-1,niet-blanke,iemand die niet blank is,[],[],[]
78,blank,odwn-10-105649761-n,staaldraad,staal tot draad getrokken,['blank/hardgetrokken staaldraad'],['staaldraad'],['staal tot draad getrokken']
79,blank,eng-30-05600637-n,gelaat,voorkant v.h. hoofd,"['een blank/bleek/rozig gelaat', 'een geschonden gelaat', 'een gegroefd gelaat']","['aangezicht', 'aanschijn', 'bakkes', 'facie', 'fieselefacie', 'fieselemie', 'gelaat', 'gezicht', 'ponem', 'porem', 'postzegel', 'smoel', 'smoelwerk', 'snoet', 'snufferd', 'snuit', 'toet', 'toetje', 'tronie']","['voorkant v.h. hoofd', 'gezicht', 'gezicht', 'voorkant v.h. hoofd', 'voorkant v.h. hoofd', 'gezicht', 'gezicht', 'gezicht', 'gezicht', 'neus/mond/gezicht', 'gezicht', 'brutaal gelaat']"
80,blanke,odwn-10-103541331-n,blanke,iemand met lichte huidskleur,"['blanken en zwarten worden in Zuid-Afrika niet langer apart gehouden', 'onder de apartheid hadden blanken meer rechten dan zwarten']",['blanke'],['iemand met lichte huidskleur']
81,blanke,odwn-10-103063347-n,overheersing,toestand van onderdrukking,['[blanke/Chinese] overheersing'],['overheersing'],['toestand van onderdrukking']
82,blanke,eng-30-05238282-n,huid,weefsellaag die het lichaam bedekt,"['huiden van wilde dieren', 'een gerimpelde huid', 'een gave huid', 'een getaande huid', 'een gebronsde/gebruinde huid', 'deze crème is vooral voor de vette of gecombineerde huid', 'een [vette/gecombineerde/droge] huid', 'dit scheerschuim is speciaal voor de gevoelige huid', 'de gevoelige huid', 'een donkere/blanke huid']","['onderhuid', 'skinhead', 'huid', 'vel']","['weefsellaag die het lichaam bedekt', 'huid van mensen of dieren']"
83,blanke,eng-30-09976551-n,slavin,uitgebuite vrouw,['blanke slavinnen'],"['slaaf', 'slavin']","['v.e. ander afhankelijk persoon', 'uitgebuite vrouw']"
84,blanke,odwn-10-100513750-n,mesties,kruising v.e. blanke en een indiaan,[],['mesties'],['kruising v.e. blanke en een indiaan']
86,blanke,volksdeel-n-1,volksdeel,bevolkingsgroep,['het zwarte/Joodse/blanke volksdeel'],[],[]
87,blanke,eng-30-00965035-v,beschrijven,in taal voorstellen,"['dat is met geen pen te beschrijven', 'hoe zou je jezelf beschrijven?', 'zichzelf beschrijven', 'beschrijven wat er in een doos zit', 'je huis beschrijven', 'iemand beschrijven als [een blanke man van middelbare leeftijd]']","['omschrijven', 'beschrijven', 'gewagen', 'melden', 'rapporteren', 'vermelden']","['in taal voorstellen', 'vermelden', 'laten weten', 'melden', 'meedelen']"
88,blanke,eng-30-04976952-n,huidskleur,kleur v.d. huid,"['discriminatie op grond van huidskleur', 'een donkere/blanke huidskleur']","['gelaatskleur', 'huidkleur', 'huidskleur', 'kleur', 'kleurtje', 'teint']","['kleur v.h. gezicht', 'kleur v.d. huid', 'gelaatskleur', 'gelaatskleur', 'tint m.n. v.d. huid']"
89,blanke,odwn-10-104203667-n,vers,regel v.e. gedicht,"['vijfvoetige verzen', 'berijmde/onberijmde/blanke verzen', 'staande/slepende verzen']","['dichtregel', 'vers', 'versregel']","['regel uit een gedicht', 'regel v.e. gedicht', 'regel v.e. gedicht']"
90,blanke,eng-30-08617963-n,top,hoogste punt,"['de blanke top der duinen', 'de top van een berg/boom', 'de toppen van de vingers', 'de top van een driehoek', 'de vlag in top hijsen', 'aan de top (staan van iets)', 'de vreugde bij de kinderen steeg ten top toen de clown binnenkwam', 'ten top (stijgen)', 'de top bereiken']","['bergtop', 'piek', 'apex', 'kruin', 'top']","['top van o.a. bomen', 'hoogste punt']"
91,blanken,odwn-10-103541331-n,blanke,iemand met lichte huidskleur,"['blanken en zwarten worden in Zuid-Afrika niet langer apart gehouden', 'onder de apartheid hadden blanken meer rechten dan zwarten']",['blanke'],['iemand met lichte huidskleur']
93,blanken,eng-30-10157549-n,kleurling,kind van verschillende rassen,"['zwarten, blanken en kleurlingen']","['halfbloed', 'kleurling']","['persoon van gemengde afkomst', 'kind van verschillende rassen']"
94,blanken,odwn-10-100481401-n,rechtsgelijkheid,gelijkheid voor de wet,"['rechtszekerheid en rechtsgelijkheid', 'rechtsgelijkheid van blanken en kleurlingen']",['rechtsgelijkheid'],['gelijkheid voor de wet']
95,bombay,eng-30-08903872-n,Bombay,,[],"['Mumbai', 'Bombay']",[]
96,bosneger,odwn-10-103272943-n,bosneger,in de bossen gevluchte negerslaaf,[],['bosneger'],['in de bossen gevluchte negerslaaf']
97,calcutta,eng-30-08903636-n,Calcutta,,[],"['Kolkata', 'Calcutta']",[]
98,calcutta,odwn-10-107090790-n,tumult,opschudding,"['er ontstond tumult in de drukke straten van Calcutta', 'tumult veroorzaken']",['tumult'],['opschudding']
99,derde wereld,odwn-10-107188952-n,ontwikkelingsproject,project van ontwikkeling in Derde Wereld,[],['ontwikkelingsproject'],['project van ontwikkeling in Derde Wereld']
101,derde wereld,odwn-10-106126041-v,promoten,bevorderen,"['ze organiseerden die markt vooral om producten uit de Derde Wereld te promoten', 'producten promoten', ""met deze 'dag van het orgel' willen de organisatoren het orgel promoten"", 'het orgel promoten']",['promoten'],['bevorderen']
102,derde wereld,odwn-10-104668187-n,kinderarbeid,werk door kinderen,"['in de Derde wereld wordt nog veel kinderarbeid verricht', 'kinderarbeid verrichten']",['kinderarbeid'],['werk door kinderen']
103,derde wereld,eng-30-09178999-n,motivatie,dat wat je ergens toe aanzet,['Wat was je motivatie om vrijwilligerswerk in een Derde Wereld land te willen doen?'],"['reden', 'afweging', 'beweeggrond', 'beweegreden', 'considerans', 'consideratie', 'drijfveer', 'grond', 'motief', 'motivatie', 'overweging', 'ratio']","['voor- en nadelen tegen elkaar opwegen', 'motief', 'overweging', 'beweegreden', 'beweegreden, motief voor iemands daden', 'dat wat je ergens toe aanzet', 'dat wat je ergens toe aanzet', 'reden', 'zedelijke grond']"
104,derde wereld,eng-30-01207609-n,hulp,het helpen,"['bedankt voor je hulp', 'voor veel mensen kwam de hulp echter te laat', 'humanitaire hulp', 'hulp voor [oorlogsslachtoffers]', 'om hulp roepen/vragen', 'hulp aan [de derde wereld]', 'ze hebben de hulp van een psychiater ingeroepen', 'hulp inroepen van iemand', '[dringend] hulp nodig hebben', 'zonder hulp van buiten redden we het niet', 'hulp van buiten', 'eerste hulp bij ongelukken (EHBO)', 'professionele hulp', 'hulp verlenen', 'iemand te hulp schieten/komen', 'hulp zoeken']","['assistent', 'steun', 'assistentie', 'bijstand', 'hulp', 'hulpbetoon', 'hulpverlening', 'medewerking']","['hulp', 'hulp', 'het helpen', 'zorg voor mensen in nood', 'het samenwerken aan iets']"
105,dwerg,eng-30-10040344-n,dwerg,in de groei belemmerd persoon,[],"['dwerg-', 'mini-', 'dwerg', 'lilliputter']","['in de groei belemmerd persoon', 'iemand met zeer korte armen en benen']"
106,dwerg,eng-30-09541125-n,dwerg,klein wezen uit een sprookje,['Sneeuwwitje en de zeven dwergen'],"['gnoom', 'aardmannetje', 'dwerg', 'kabouter']","['dwergachtige aardgeest', 'klein wezen uit een sprookje', 'klein mannetje uit sprookjes']"
107,dwerg,eng-30-10496489-n,dwerg,,[],"['dwerg', 'pygmee']",[]
108,dwergen,eng-30-03929202-n,houweel,scherp en puntig werktuig,['met hun houwelen over de schouder marcheerden de zeven dwergen naar huis'],"['pikhouweel', 'houweel']","['scherp en puntig werktuig', 'houweel met punt en beitel']"
109,dwergen,eng-30-09541125-n,dwerg,klein wezen uit een sprookje,['Sneeuwwitje en de zeven dwergen'],"['gnoom', 'aardmannetje', 'dwerg', 'kabouter']","['dwergachtige aardgeest', 'klein wezen uit een sprookje', 'klein mannetje uit sprookjes']"
110,eskimo,visrecht-n-1,visrecht,recht om te vissen,"['de overheid heeft hen het visrecht verleend', 'het visrecht aan iemand verlenen', ""de Canadese Eskimo's krijgen hier de volgende zes jaren het visrecht"", 'het visrecht hebben/krijgen']",[],[]
111,eskimo,eng-30-06918215-n,Eskimo,inwoner Groenland,[],['Eskimo'],['inwoner Groenland']
112,eskimo,eng-30-02109961-n,,,,['sledehond'],"[""hond gehouden door eskimo's""]"
113,eskimo,eng-30-03560430-n,iglo,hut van ijsblokken,"[""de eskimo's woonden in iglo's"", 'bij een temperatuur boven nul gaat de iglo smelten', 'de iglo smelt']","['eskimohut', 'iglo', 'ijshut', 'sneeuwhut']",['hut van ijsblokken']
114,eskimo,eng-30-10063635-n,Eskimo,,[],['Eskimo'],[]
115,eskimo's,visrecht-n-1,visrecht,recht om te vissen,"['de overheid heeft hen het visrecht verleend', 'het visrecht aan iemand verlenen', ""de Canadese Eskimo's krijgen hier de volgende zes jaren het visrecht"", 'het visrecht hebben/krijgen']",[],[]
116,eskimo's,eng-30-02109961-n,,,,['sledehond'],"[""hond gehouden door eskimo's""]"
117,eskimo's,eng-30-03560430-n,iglo,hut van ijsblokken,"[""de eskimo's woonden in iglo's"", 'bij een temperatuur boven nul gaat de iglo smelten', 'de iglo smelt']","['eskimohut', 'iglo', 'ijshut', 'sneeuwhut']",['hut van ijsblokken']
118,etniciteit,eng-30-04799133-n,etniciteit,,[],['etniciteit'],[]
119,etnische groepen,odwn-10-107289312-n,verzoening,hernieuwde vrede,"['een verzoening tot stand brengen', 'een verzoening tussen de verschillende etnische groepen', 'Na lang overleg hebben de regeringsleiders tot verzoening kunnen komen', 'tot verzoening komen']",['verzoening'],['hernieuwde vrede']
120,gay,eng-30-10182913-n,gay,,[],"['homoseksuele', 'sodemiet', 'sodemieter', 'reetkever', 'poot', 'holtor', 'geïnverteerde', 'gay', 'flikker', 'bruinwerker', 'mietje', 'nicht', 'homo', 'homofiel', 'homoseksueel']","['homoseksueel persoon', 'homoseksueel persoon', 'homofiel persoon']"
121,gehandicapte,eng-30-10158756-n,gehandicapte,iemand met een handicap,"['een instelling voor geestelijk gehandicapten', 'de integratie van gehandicapten', 'voorzieningen voor gehandicapten', 'lichamelijk/geestelijk gehandicapte', '[zwaar/licht] gehandicapten']",['gehandicapte'],['iemand met een handicap']
123,gehandicapte,eng-30-05689249-n,handicap,"belemmering, barrière",['geldgebrek is de grootste handicap voor gehandicapte sporters'],"['barrière', 'belemmering', 'beletsel', 'drempel', 'handicap', 'hindernis', 'hinderpaal', 'hobbel', 'obstakel', 'rem', 'struikelblok', 'struikelsteen', 'verhindering']","['belemmering', 'hindernis', 'bezwaar', 'onwenselijke omstandigheid', 'belemmering, hindernis', 'belemmering, barrière', 'iets dat in de weg staat', 'iets dat je hindert je doel te bereiken', 'probleem', 'hindernis', 'iets dat belemmert', 'belemmering', 'het verhinderen/verhinderd zijn']"
124,gehandicapte,odwn-10-104805949-n,invalide,lichamelijk gehandicapte,['voorzieningen voor invaliden'],['invalide'],['lichamelijk gehandicapte']
126,gehandicapte,eng-30-10352299-n,medemens,elk ander mens,['de gehandicapte/zieke medemens'],"['buuf', 'aanwonenden', 'buur', 'buurman', 'buurvrouw', 'gebuur', 'medemens', 'naaste', 'nabuur', 'nevenman', 'tafeldame', 'tafelheer']","['buurman- of vrouw', 'man naast je', 'vrouw naast je', 'elk ander mens', 'evenmens', 'dame naast wie je zit bij een diner', 'heer naast wie je zit bij een diner']"
127,gehandicapte,eng-30-10197525-n,debiel,verstandelijke gehandicapte,[],"['kretijn', 'mogool', 'mongool', 'cretin', 'debiel', 'geesteszieke', 'gek', 'gestoorde', 'idioot', 'imbeciel', 'krankzinnige', 'waanzinnige']","['verstandelijke gehandicapte', 'vrouwelijke fanaat', 'krankzinnige', 'geestelijk gehandicapte', 'zwakzinnige', 'iemand die gek is']"
131,gehandicapten,eng-30-10158756-n,gehandicapte,iemand met een handicap,"['een instelling voor geestelijk gehandicapten', 'de integratie van gehandicapten', 'voorzieningen voor gehandicapten', 'lichamelijk/geestelijk gehandicapte', '[zwaar/licht] gehandicapten']",['gehandicapte'],['iemand met een handicap']
135,gehandicapten,eng-30-05139094-n,tekort,moreel slechte hoedanigheid,['Oogzorg gehandicapten schiet tekort.'],"['feil', 'fout', 'tekort', 'tekortkoming', 'zwak', 'zwakheid', 'zwakte']","['onvolkomenheid', 'slechte eigenschap', 'ondeugend iemand', 'moreel slechte hoedanigheid', 'gebrek', 'gebied waarop iemand gevoelig is', 'gebied waarop iemand te makkelijk is']"
136,gehandicapten,odwn-10-103405559-n,tehuis,inrichting al dan niet met verzorging,"['een tehuis voor [schipperskinderen/verstandelijk gehandicapten]', 'in een tehuis', 'een gezinsvervangend tehuis']",['tehuis'],['inrichting al dan niet met verzorging']
137,gehandicapten,odwn-10-102949140-n,organisatie,vereniging,"['een organisatie voor [dierenbescherming/gehandicapten]', 'binnen de organisatie is er een open persoonlijke sfeer', 'in/binnen een organisatie']",['organisatie'],['vereniging']
138,gehandicapten,invalidentoilet-n-1,invalidentoilet,toilet voor gehandicapten,['een invalidentoilet is meestal voorzien van extra beugels waaraan je je kunt vasthouden'],[],[]
139,gehandicapten,informatiefolder-n-1,informatiefolder,folder met informatie,"['een informatiefolder over nieuwe koophuizen', 'een informatiefolder voor gehandicapten over aangepast vervoer', 'een informatiefolder verspreiden']",[],[]
140,gehandicapten,eng-30-02437707-v,ontfermen,zorgen voor,"['de zusters ontfermden zich over weeskinderen en gehandicapten in deze stad', 'zich ontfermen over weeskinderen en gehandicapten']","['erbarmen', 'ontfermen']","['ontfermen', 'zorgen voor']"
142,gehandicapten,odwn-10-107268125-n,invalidenwagentje,stoel op wielen voor gehandicapten,[],['invalidenwagentje'],['stoel op wielen voor gehandicapten']
144,gekleurd,eng-30-14881303-n,glas,harde doorzichtige stof,"['gekleurd glas', 'komkommer worden achter glas gekweekt', 'achter glas', 'gerookt glas', 'getint glas', 'glas in lood', 'de meeste huizen hebben inmiddels dubbel glas', 'dubbel glas', 'glas gieten', 'mat glas', 'geblazen glas']",['glas'],['harde doorzichtige stof']
145,gekleurd,odwn-10-101073990-n,glasbak,afvalbak voor glas,"['het glas naar de glasbak brengen', 'een glasbak voor gekleurd/wit glas']",['glasbak'],['afvalbak voor glas']
146,gekleurd,eng-30-03648219-n,wasgoed,was,['gekleurd/wit wasgoed'],"['was', 'wasgoed']","['te wassen goed', 'was']"
147,gekleurd,odwn-10-104127784-n,container,afvalbak,"['een container voor gekleurd glas', 'textiel in de container gooien', 'een container (laten) plaatsen']",['container'],['afvalbak']
148,gekleurd,waterorgel-n-2,waterorgel,"fontein op muziek, met gekleurd licht",[],[],[]
149,gekleurd,eng-30-01592084-n,,,,['mees'],['gekleurd zangvogeltje']
150,gekleurd,odwn-10-100395486-n,paasei,voor Pasen gekleurd kippenei,"['paaseieren schilderen', 'paaseieren zoeken']",['paasei'],['voor Pasen gekleurd kippenei']
152,gekleurd,odwn-10-102064931-n,serpentine,rolletje gekleurd papier om te gooien,"['met serpentines gooien', 'de serpentines hangen [aan de lampen]']",['serpentine'],['rolletje gekleurd papier om te gooien']
154,gekleurde,streep-n-2,streep,smalle strook,"['Het vliegtuig liet witte strepen achter in de lucht.', 'Donker haar met blonde strepen.', 'Een trui met gekleurde strepen.', 'Een streep licht viel door een kier naar binnen.']",[],[]
155,gekleurde,odwn-10-100117009-n,bril,opening in een seinarm waarin een gekleurde ruit geplaatst kan worden,['Er zit een oranje plaat in de bril van seinarm.'],['bril'],['opening in een seinarm waarin een gekleurde ruit geplaatst kan worden']
157,gekleurde,odwn-10-106133313-n,vaan,gekleurde doek als symbool,[],['vaan'],['gekleurde doek als symbool']
159,gekleurde,odwn-10-106678037-n,regenboogvlies,gekleurde vlies met pupil in het oog,[],['regenboogvlies'],['gekleurde vlies met pupil in het oog']
161,gekleurde,eng-30-04589745-n,ruitje,klein stuk glas dat in een venster is geplaatst,['Er zitten drie gekleurde ruitjes in hun voordeur.'],"['vensterglas', 'ruit', 'ruitje', 'vensterruit']","['plaat glas', 'klein stuk glas dat in een venster is geplaatst']"
162,gekleurde,odwn-10-106230318-n,iris,gekleurde deel v.d. oogbol,['zij heeft prachtige groene irissen'],['iris'],['gekleurde deel v.d. oogbol']
164,gekleurde,eng-30-08271042-n,gaswolk,wolk van gas,"['een verstikkende gaswolk', 'raketten die gekleurde gaswolken uitstoten', 'een gekleurde gaswolk']","['waar gehakt wordt vallen spaanders', 'gaswolk', 'nevel', 'sterrenstelsel']","['wolk van gas', 'wolken in heelal', 'alle sterren in het heelal']"
166,halfbloed,eng-30-10157549-n,halfbloed,persoon van gemengde afkomst,[],"['halfbloed', 'kleurling']","['persoon van gemengde afkomst', 'kind van verschillende rassen']"
167,halfbloed,eng-30-10157378-n,halfbloed,,[],"['halfbloed', 'kleurling']",[]
168,halfbloed,eng-30-01327322-n,halfbloed,,[],"['kruis', 'kruising', 'hybride', 'halfbloed']",[]
169,halfbloed,eng-30-09638454-n,halfbloed,,[],"['mulattin', 'halfbloed', 'mulat']",[]
170,handicap,eng-30-14052403-n,handicap,fysieke of mentale invaliditeit,"['een lichamelijke/verstandelijke handicap', 'door zijn handicap moet hij in een rolstoel zitten', 'wij organiseren actieve zeilvakanties voor mensen met een handicap', 'met een handicap', 'een zware handicap', 'een lichte handicap']","['aandoening', 'affectie', 'gebrek', 'gebrekkigheid', 'handicap', 'ongemak']","['ziekte aan een bepaald lichaamsdeel', 'onvolkomenheid', 'fysieke of mentale invaliditeit', 'iets dat last geeft']"
177,handicap,eng-30-10158756-n,gehandicapte,iemand met een handicap,"['een instelling voor geestelijk gehandicapten', 'de integratie van gehandicapten', 'voorzieningen voor gehandicapten', 'lichamelijk/geestelijk gehandicapte', '[zwaar/licht] gehandicapten']",['gehandicapte'],['iemand met een handicap']
179,handicap,odwn-10-107547362-n,invaliditeit,het hebben v.e. lichamelijke handicap,"['veel mensen zijn arbeidsongeschikt als gevolg van ziekte of invaliditeit', 'blijvende invaliditeit']",['invaliditeit'],['het hebben v.e. lichamelijke handicap']
181,handicap,eng-30-14548343-n,handicap,,[],"['lichaamsgebrek', 'gebrek', 'handicap', 'onbekwaamheid', 'arbeidsongeschiktheid', 'invaliditeit']",['het door ziekte niet meer kunnen werken']
182,handicap,odwn-10-101168606-n,handicap,,[],"['gebrekkigheid', 'handicap', 'ongemak']",[]
183,handicap,eng-30-05689249-n,handicap,"belemmering, barrière",['geldgebrek is de grootste handicap voor gehandicapte sporters'],"['barrière', 'belemmering', 'beletsel', 'drempel', 'handicap', 'hindernis', 'hinderpaal', 'hobbel', 'obstakel', 'rem', 'struikelblok', 'struikelsteen', 'verhindering']","['belemmering', 'hindernis', 'bezwaar', 'onwenselijke omstandigheid', 'belemmering, hindernis', 'belemmering, barrière', 'iets dat in de weg staat', 'iets dat je hindert je doel te bereiken', 'probleem', 'hindernis', 'iets dat belemmert', 'belemmering', 'het verhinderen/verhinderd zijn']"
185,handicap,odwn-10-108706678-v,accepteren,als onvermijdelijk aanvaarden,"['een fysieke handicap is moeilijk te accepteren', 'je moet accepteren dat je ouder wordt', 'accepteren dat ...', 'ik kan jouw grove taal niet accepteren', 'grove taal (niet) accepteren']","['aanvaarden', 'accepteren', 'nemen', 'pikken', 'slikken', 'vreten']","['iets accepteren, ergens mee akkoord gaan', 'als onvermijdelijk aanvaarden', 'aanvaarden', 'niet opkomen tegen', 'goedvinden']"
186,handicap,handicap-n-3,handicap,gegeven achterstand bij een wedstrijd,[],[],[]
187,handicaps,eng-30-00849080-v,spotten,belachelijk maken,"['in de voorstelling spotten de acteurs met onze dagelijkse vooroordelen', 'spotten met [vooroordelen/uiterlijkheden/handicaps]', 'daar moet je niet mee spotten', 'spot er maar mee!', 'daarmee valt niet te spotten']",['spotten'],['belachelijk maken']
188,hermafrodiet,odwn-10-108184026-n,hermafrodiet,tweeslachtig wezen,[],['hermafrodiet'],['tweeslachtig wezen']
189,hermafrodiet,eng-30-10172080-n,hermafrodiet,,[],['hermafrodiet'],[]
190,homo,eng-30-10076033-n,flikker,homo,['vuile flikker!'],"['Utrechtenaar', 'flikker', 'holtor', 'mietje', 'nicht', 'poot', 'reetkever']","['homo', 'homoseksuele man', 'homoseksueel', 'homofiel']"
192,homo,eng-30-10182913-n,homo,homoseksueel persoon,"[""de wet staat nog geen huwelijken toe tussen homo's"", ""de president wil een einde maken aan het weren van homo's uit het leger"", ""homo's en lesbo's""]","['homoseksuele', 'sodemiet', 'sodemieter', 'reetkever', 'poot', 'holtor', 'geïnverteerde', 'gay', 'flikker', 'bruinwerker', 'mietje', 'nicht', 'homo', 'homofiel', 'homoseksueel']","['homoseksueel persoon', 'homoseksueel persoon', 'homofiel persoon']"
196,homo,odwn-10-109472945-n,emancipatie,toekenning van gelijke rechten,"['de emancipatie van de slaven in de 19e eeuw', ""de emancipatie van de vrouw/ouderen/homo's""]",['emancipatie'],['toekenning van gelijke rechten']
197,homo,eng-30-10254965-n,lesbienne,lesbische vrouw,"[""homo's en lesbiennes""]","['lesbienne', 'lesbo', 'pot', 'schuurmeid', 'tribade']","['lesbische vrouw', 'lesbische vrouw', 'lesbische vrouw']"
199,homo,homo-n-2,homo,mens,['homo sapiens'],[],[]
201,homo,eng-30-10173895-n,hetero,heteroseksueel persoon,"[""de Roze Panter is ook voor hetero's wel een leuke discotheek"", ""zowel hetero's als homo's worden geconfronteerd met de noodzaak tot safe sex""]","['hetero', 'heterofiel', 'heteroseksueel']","['heteroseksueel persoon', 'heteroseksueel persoon', 'heterofiel persoon']"
202,homo,odwn-10-105972128-n,homobeweging,beweging van homo's,[],['homobeweging'],"[""beweging van homo's""]"
204,homo's,eng-30-10182913-n,homo,homoseksueel persoon,"[""de wet staat nog geen huwelijken toe tussen homo's"", ""de president wil een einde maken aan het weren van homo's uit het leger"", ""homo's en lesbo's""]","['homoseksuele', 'sodemiet', 'sodemieter', 'reetkever', 'poot', 'holtor', 'geïnverteerde', 'gay', 'flikker', 'bruinwerker', 'mietje', 'nicht', 'homo', 'homofiel', 'homoseksueel']","['homoseksueel persoon', 'homoseksueel persoon', 'homofiel persoon']"
207,homo's,eng-30-10254965-n,lesbienne,lesbische vrouw,"[""homo's en lesbiennes""]","['lesbienne', 'lesbo', 'pot', 'schuurmeid', 'tribade']","['lesbische vrouw', 'lesbische vrouw', 'lesbische vrouw']"
209,homo's,eng-30-10173895-n,hetero,heteroseksueel persoon,"[""de Roze Panter is ook voor hetero's wel een leuke discotheek"", ""zowel hetero's als homo's worden geconfronteerd met de noodzaak tot safe sex""]","['hetero', 'heterofiel', 'heteroseksueel']","['heteroseksueel persoon', 'heteroseksueel persoon', 'heterofiel persoon']"
210,homo's,odwn-10-105972128-n,homobeweging,beweging van homo's,[],['homobeweging'],"[""beweging van homo's""]"
212,homo's,odwn-10-109472945-n,emancipatie,toekenning van gelijke rechten,"['de emancipatie van de slaven in de 19e eeuw', ""de emancipatie van de vrouw/ouderen/homo's""]",['emancipatie'],['toekenning van gelijke rechten']
213,homoseksualiteit,eng-30-00856847-n,homoseksualiteit,,[],"['homoseksualiteit', 'sodomie']","['seksuele geaardheid v.e. homofiel', 'tegennatuurlijk seksueel gedrag']"
214,homoseksualiteit,eng-30-00858060-n,homoseksualiteit,,[],"['bestialiteit', 'homofilie', 'homoseksualiteit', 'zoöfilie']",['seksuele geaardheid v.e. homofiel']
215,homoseksueel,eng-30-10182913-n,homoseksueel,homofiel persoon,[],"['homoseksuele', 'sodemiet', 'sodemieter', 'reetkever', 'poot', 'holtor', 'geïnverteerde', 'gay', 'flikker', 'bruinwerker', 'mietje', 'nicht', 'homo', 'homofiel', 'homoseksueel']","['homoseksueel persoon', 'homoseksueel persoon', 'homofiel persoon']"
220,homoseksueel,eng-30-10076033-n,nicht,homoseksueel,[],"['Utrechtenaar', 'flikker', 'holtor', 'mietje', 'nicht', 'poot', 'reetkever']","['homo', 'homoseksuele man', 'homoseksueel', 'homofiel']"
222,homoseksueel,eng-30-00844254-n,geslachtsverkeer,seksuele betrekkingen tussen mensen,"['heteroseksueel/homoseksueel geslachtsverkeer', 'geslachtsverkeer met jonge kinderen is strafbaar in Nederland', 'geslachtsverkeer met jonge kinderen']","['sex', 'bijslaap', 'cohabitatie', 'copulatie', 'coïtus', 'gemeenschap', 'geslachtsdaad', 'geslachtsgemeenschap', 'geslachtsverkeer', 'liefdesdaad', 'lijfsgemeenschap', 'minnespel', 'neukpartij', 'nummertje', 'seks', 'wip', 'wippertje']","['coïtus', 'geslachtsgemeenschap', 'paring', 'geslachtsgemeenschap', 'omgang met iemand', 'het paren', 'seksuele betrekkingen tussen mensen', 'geslachtsgemeenschap', 'seksuele omgang', 'seks']"
223,homoseksuele,eng-30-10182913-n,homoseksuele,,[],"['homoseksuele', 'sodemiet', 'sodemieter', 'reetkever', 'poot', 'holtor', 'geïnverteerde', 'gay', 'flikker', 'bruinwerker', 'mietje', 'nicht', 'homo', 'homofiel', 'homoseksueel']","['homoseksueel persoon', 'homoseksueel persoon', 'homofiel persoon']"
224,homoseksuele,eng-30-10076033-n,mietje,homoseksuele man,[],"['Utrechtenaar', 'flikker', 'holtor', 'mietje', 'nicht', 'poot', 'reetkever']","['homo', 'homoseksuele man', 'homoseksueel', 'homofiel']"
226,homoseksuele,eng-30-04623113-n,geaardheid,persoonlijke aard,"['iemands persoonlijke/fundamentele geaardheid', 'uitkomen voor zijn geaardheid', 'seksuele geaardheid', 'homoseksuele geaardheid']","['aard', 'geaardheid', 'gestel', 'inborst', 'karakter', 'natuur', 'wezen']","['geheel van onderliggende eigenschappen', 'persoonlijke aard', 'algemene gemoedstoestand', 'karakter', 'persoonlijkheid', 'eigenschappen van levende wezens', 'aard']"
227,homoseksuelen,odwn-10-109248619-n,COC,vereniging voor homoseksuelen,[],['COC'],['vereniging voor homoseksuelen']
229,homoseksuelen,nichtenbar-n-1,nichtenbar,bar waar homoseksuelen komen,[],[],[]
230,inboorling,odwn-10-106171034-n,inboorling,oorspronkelijke bewoner v.e. land,['dr. Livingstone bezocht de inboorlingen in de jungle van Afrika'],['inboorling'],['oorspronkelijke bewoner v.e. land']
231,inboorling,odwn-10-103586613-n,inboorling,,[],['inboorling'],[]
232,inboorlingen,odwn-10-106171034-n,inboorling,oorspronkelijke bewoner v.e. land,['dr. Livingstone bezocht de inboorlingen in de jungle van Afrika'],['inboorling'],['oorspronkelijke bewoner v.e. land']
233,indiaan,odwn-10-100513750-n,mesties,kruising v.e. blanke en een indiaan,[],['mesties'],['kruising v.e. blanke en een indiaan']
235,indiaan,odwn-10-106518418-n,Indiaan,inwoner Amerika,[],['Indiaan'],['inwoner Amerika']
236,indiaan,odwn-10-104131755-v,afschieten,afvuren,"['een pijl/kogel afschieten', 'de verbolgen indiaan schoot zijn pijlen op de sheriff af', 'een pijl afschieten op iemand', 'hij liet de kanonnen een voor een afschieten', 'een kanon/geweer/pistool afschieten']",['afschieten'],['afvuren']
237,indiaan,odwn-10-103205786-n,roodhuid,Indiaan,[],['roodhuid'],['Indiaan']
239,indiaan,odwn-10-108090338-n,Azteek,Mexicaanse Indiaan,[],['Azteek'],['Mexicaanse Indiaan']
241,indiaans,eng-30-06906439-n,Indiaans,,[],['Indiaans'],[]
242,indianen,eng-30-02503803-v,verbannen,uit een gebied voorgoed wegsturen,"['dissidenten naar Siberië verbannen', 'indianen uit hun woongebieden verbannen']","['bannen', 'verbannen']","['in de ban doen', 'uit een gebied voorgoed wegsturen']"
243,indianen,odwn-10-104880448-v,scalperen,van de schedelhuid ontdoen,"['volgens de overleveringen zouden de indianen doorgaans hun vijanden scalperen', 'vijanden scalperen']",['scalperen'],['van de schedelhuid ontdoen']
244,indianen,handeldrijven-v-1,handeldrijven,koopmanszaken doen,['handeldrijven met [het Westen/Kenia/de indianen]'],[],[]
245,indianen,eng-30-02635659-v,nalaten,teken of indruk achterlaten,"['een goede indruk nalaten', 'haar tweejarige verblijf bij de Indianen heeft diepe sporen nagelaten', '(diepe) sporen nalaten', 'het landijs heeft diepe sporen in het landschap nagelaten', 'diepe sporen nalaten']","['achterlaten', 'nalaten']","['als blijk van iets achter doen blijven', 'teken of indruk achterlaten']"
246,indianen,odwn-10-107563512-v,bekeren,tot een overtuiging brengen,['de indianen bekeren'],['bekeren'],['tot een overtuiging brengen']
247,indianen,eng-30-04458633-n,totempaal,aan goden gewijde paal,['de indianen bonden het slachtoffer aan de totempaal vast'],['totempaal'],['aan goden gewijde paal']
248,indianen,odwn-10-101961229-n,indianenverhaal,verhaal over indianen,"['als kleine jongen las hij graag indianenverhalen', 'indianenverhalen lezen']",['indianenverhaal'],['verhaal over indianen']
250,indianen,odwn-10-102987666-v,bewonen,wonen in of op,"['een huis/boerderij/hoeve bewonen', 'dat gebied werd vroeger bewoond door indianen', 'een gebied bewonen']",['bewonen'],['wonen in of op']
251,indianen,odwn-10-105809840-n,wigwam,tent (zoals) v.d. Indianen,['met tal van wigwams werd het een compleet indianenfeest'],['wigwam'],['tent (zoals) v.d. Indianen']
253,indisch,tumtum-n-2,tumtum,West-Indisch gerecht,[],[],[]
254,indisch,eng-30-08673039-n,kampong,Indisch dorp,['in de kampong'],['kampong'],['Indisch dorp']
256,indisch,variant-n-2,variant,"mogelijke oplossing bij schaken, dammen","['beiden speelden voorzichtig in een variant van de Franse verdediging', ""Timman speelde een variant van ['het Spaans'/'de Siciliaan'/'het Konings-Indisch']""]",[],[]
257,indisch,eng-30-10505732-n,radja,bepaald Indisch vorst,[],['radja'],['bepaald Indisch vorst']
259,indisch,odwn-10-105583292-n,kroepoek,Indisch bijgerecht o.a. van garnalen,['een portie kroepoek [bestellen]'],['kroepoek'],['Indisch bijgerecht o.a. van garnalen']
261,indisch,geel-n-2,geel,bepaalde kleurstof,"['een potje geel', 'het geel is op', 'Indisch geel']",[],[]
262,indische,eng-30-08058098-n,compagnie,handelsvennootschap,"['in compagnie handelen', 'Verenigde Oost-Indische Compagnie']","['compagnie', 'firma', 'onderneming', 'vennootschap']","['handelsvennootschap', 'commercieel bedrijf']"
263,indische,eng-30-07557434-n,gerecht,voedsel bereid voor één gang,"['Chinese/Indische/Franse gerechten', 'een gerecht klaarmaken/opdienen', 'exotische gerechten']","['gerecht', 'schotel']","['voedsel bereid voor één gang', 'gerecht']"
265,indische,odwn-10-101655623-n,beo,Indische vogel,[],['beo'],['Indische vogel']
267,indische,eng-30-02503517-n,olifant,groot grijs zoogdier met slagtanden,"['de Indische/Aziatische olifant', 'de Afrikaanse olifant']","['dikhuid', 'jumbo', 'olifant']","['olifant', 'groot grijs zoogdier met slagtanden']"
268,indische,eng-30-14917635-n,inkt,vloeistof o.a. om mee te schrijven,"['met inkt schrijven', 'Oost-Indische inkt', 'zij had haar postcode met onzichtbare inkt op haar bezittingen geschreven', 'onzichtbare inkt', 'Chinese inkt', 'een pot inkt']",['inkt'],['vloeistof o.a. om mee te schrijven']
269,indische,eng-30-12401684-n,vijgenboom,tropische boomsoort,['de Indische/wilde vijgenboom'],"['vijg', 'vijgeboom', 'vijgenboom']","['vijgenboom', 'tropische boomsoort']"
270,indo,odwn-10-104600207-n,Iraans,Indo-Germaanse taalfamilie,[],['Iraans'],['Indo-Germaanse taalfamilie']
272,inheemse,odwn-10-102422747-n,vissoort,soorten van vis,"['in de Noordzee leven tweehonderdvierentwintig vissoorten', 'inheemse/uitheemse/exotische vissoorten']",['vissoort'],['soorten van vis']
273,inheemse,odwn-10-109739636-n,plant,organisme met bladeren,['inheemse/uitheemse planten'],['plant'],['organisme met bladeren']
274,inheemse,eng-30-12268246-n,eik,bepaalde inheemse boom,['een eeuwenoude eik'],"['eik', 'eikeboom', 'eikenboom']",['bepaalde inheemse boom']
276,inheemse,odwn-10-107295694-n,landwijn,jonge inheemse wijn,['witte/rode landwijn'],['landwijn'],['jonge inheemse wijn']
278,inlander,odwn-10-104714918-n,inlander,oorspronkelijke bewoner v.e. land,['de tropenbossen bieden huisvesting aan miljoenen inlanders'],['inlander'],['oorspronkelijke bewoner v.e. land']
279,inlanders,odwn-10-104714918-n,inlander,oorspronkelijke bewoner v.e. land,['de tropenbossen bieden huisvesting aan miljoenen inlanders'],['inlander'],['oorspronkelijke bewoner v.e. land']
280,inuit,Inuit-n-1,Inuit,inwoner Groenland,[],[],[]
281,islamiet,odwn-10-100569798-n,islamiet,aanhanger v.d. islam,[],['islamiet'],['aanhanger v.d. islam']
282,islamiet,moslimfundamentalist-n-1,moslimfundamentalist,orthodoxe islamiet,[],[],[]
283,islamieten,eng-30-01189427-v,vasten,niet eten en drinken,['tijdens de Ramadan vasten de islamieten'],['vasten'],['niet eten en drinken']
284,jap,odwn-10-103201483-n,Jap,Japanner,[],['Jap'],['Japanner']
285,jappenkamp,jappenkamp-n-1,jappenkamp,concentratiekamp van Japanners,['in een Jappenkamp'],[],[]
287,jappenkampen,troostmeisje-n-1,troostmeisje,prostituee in Jappenkampen,['de zogeheten troostmeisjes werden gedwongen tot seksueel contact met Japanse soldaten'],[],[]
288,kaffer,eng-30-10410815-n,kaffer,lomperik,['Wat een kaffer is dat!'],"['primitieveling', 'barbaar', 'boer', 'boerenhufter', 'boerenkaffer', 'boerenkarhengst', 'boerenkinkel', 'boerenlul', 'boerenpummel', 'botterik', 'grobbejanus', 'heikneuter', 'hork', 'hufter', 'kaffer', 'kinkel', 'lomperd', 'lomperik', 'palurk', 'plebejer', 'plomperd', 'proleet', 'pummel', 'raudauwer', 'rouwdouw', 'rouwdouwer', 'vlegel', 'woudezel']","['iemand zonder manieren', 'pummel', 'stommeling', 'lomperd', 'lomperik', 'pummel', 'onbeschoft persoon', 'lomperik', 'botterik', 'zeer onbeleefd iemand', 'onhandig iemand', 'prehistorische mens', 'onbeschoft iemand', 'onbeschaafd iemand', 'onbeschaafd iemand', 'onbeschoft iemand']"
290,kaffer,odwn-10-100082478-n,kaffer,bantoeneger,[],['kaffer'],['bantoeneger']
291,kaukasische,Kaukasische-n-1,Kaukasische,inwoonster Kaukasus,[],[],[]
292,knecht,eng-30-09815790-n,knecht,helper,['In de Tour werd Indurain door zijn knechten in zijn ploeg geholpen'],"['assistent', 'helper', 'hulp', 'dienstknecht', 'knecht', 'waterdrager']","['dienaar', 'helper', 'iemand die een ander helpt']"
293,knecht,eng-30-10292192-n,knecht,,[],['knecht'],[]
294,knecht,odwn-10-109860771-n,bakkersknecht,knecht,[],['bakkersknecht'],['knecht']
296,knecht,eng-30-10506544-n,boerenknecht,knecht van boer,[],['boerenknecht'],['knecht van boer']
298,knecht,slagersknecht-n-1,slagersknecht,knecht v.d. slager,[],[],[]
299,knecht,eng-30-10308938-n,knecht,,[],"['knecht', 'meid', 'assepoes', 'assepoester']",[]
300,knecht,Zwarte Piet-n-1,Zwarte Piet,knecht van Sinterklaas,['De Zwarte Pieten dansen op de tafel en strooien snoepgoed'],[],[]
301,knechten,eng-30-09815790-n,knecht,helper,['In de Tour werd Indurain door zijn knechten in zijn ploeg geholpen'],"['assistent', 'helper', 'hulp', 'dienstknecht', 'knecht', 'waterdrager']","['dienaar', 'helper', 'iemand die een ander helpt']"
302,knechten,eng-30-02496816-v,knechten,onderdrukken,"['sommige graven waren ware potentaten, die de bevolking in hun graafschap met harde hand knechtten', 'de bevolking knechten']","['bedwingen', 'kleinkrijgen', 'knechten', 'onderwerpen']","['beteugelen', 'intimideren', 'onderdrukken', 'onder je gezag brengen']"
304,koelie,eng-30-10035809-n,koelie,,[],"['grondwerker', 'koelie', 'loonslaaf']",['iemand die werkt tegen betaling']
305,koelie,odwn-10-101160806-n,koelie,bediende zoals in de tropen,[],['koelie'],['bediende zoals in de tropen']
306,koelie,eng-30-09642917-n,koelie,,[],['koelie'],[]
307,koppensneller,eng-30-10163452-n,koppensneller,,[],['koppensneller'],[]
308,koppensneller,eng-30-10163593-n,koppensneller,,[],"['headhunter', 'koppensneller']",['iemand die sollicitanten zoekt']
309,lilliputter,eng-30-10040344-n,lilliputter,iemand met zeer korte armen en benen,[],"['dwerg-', 'mini-', 'dwerg', 'lilliputter']","['in de groei belemmerd persoon', 'iemand met zeer korte armen en benen']"
310,madras,eng-30-08904392-n,Madras,,[],"['Chennai', 'Madras']",[]
311,medicijnman,eng-30-10626439-n,medicijnman,dokter bij natuurvolken,[],['medicijnman'],['dokter bij natuurvolken']
312,mesties,odwn-10-100513750-n,mesties,kruising v.e. blanke en een indiaan,[],['mesties'],['kruising v.e. blanke en een indiaan']
313,mohammedaan,odwn-10-107525787-n,mohammedaan,aanhanger v.d. islam,[],['mohammedaan'],['aanhanger v.d. islam']
314,mohammedaan,moslimvrouw-n-1,moslimvrouw,vrouwelijke mohammedaan,[],[],[]
315,mohammedaan,odwn-10-107075238-n,muzelman,mohammedaan,[],['muzelman'],['mohammedaan']
317,mohammedanen,eng-30-03788195-n,moskee,kerk v.d. mohammedanen,[],"['mesigit', 'missigit', 'moskee']",['kerk v.d. mohammedanen']
319,mongool,eng-30-10197525-n,mongool,,[],"['kretijn', 'mogool', 'mongool', 'cretin', 'debiel', 'geesteszieke', 'gek', 'gestoorde', 'idioot', 'imbeciel', 'krankzinnige', 'waanzinnige']","['verstandelijke gehandicapte', 'vrouwelijke fanaat', 'krankzinnige', 'geestelijk gehandicapte', 'zwakzinnige', 'iemand die gek is']"
320,mongool,odwn-10-107179852-n,mongool,iemand met het Downsyndroom,[],['mongool'],['iemand met het Downsyndroom']
321,mongool,eng-30-09644152-n,Mongool,,[],"['Mongool', 'Mongoolse']",[]
322,mongool,eng-30-03087909-a,mongoloïde,(als) van een Mongool,[],['mongoloïde'],[]
323,mongools,odwn-10-106363474-n,Mongools,Mongoolse taal,[],['Mongools'],['Mongoolse taal']
324,mongools,eng-30-06928839-n,Mongools,,[],['Mongools'],[]
325,moor,odwn-10-102610292-n,Moor,Noordafrikaanse moslim,['De Moren veroverden Corsica in de negende eeuw.'],['Moor'],['Noordafrikaanse moslim']
326,moor,eng-30-09638009-n,moor,iemand met een donkere huidskleur,[],"['moor', 'neger', 'negerin', 'nikker', 'roetmop', 'zwarte']","['iemand met een donkere huidskleur', 'iemand met donkere huidskleur', 'vrouw met donkere huidskleur', 'neger', 'neger of vies persoon', 'duivel']"
327,moor,eng-30-09636339-n,moor,,[],"['moor', 'neger', 'negerin', 'nikker', 'roetmop', 'zwarte']",[]
328,moor,odwn-10-105801592-n,moor,dier dat helemaal zwart is,[],['moor'],['dier dat helemaal zwart is']
329,moor,eng-30-09723361-n,Moor,,[],['Moor'],[]
330,moors,eng-30-03088220-a,Moors,,[],['Moors'],[]
331,moren,odwn-10-102610292-n,Moor,Noordafrikaanse moslim,['De Moren veroverden Corsica in de negende eeuw.'],['Moor'],['Noordafrikaanse moslim']
332,mulat,odwn-10-106536961-n,mulat,kind van één blanke en één zwarte ouder,[],['mulat'],['kind van één blanke en één zwarte ouder']
333,mulat,eng-30-09638454-n,mulat,,[],"['mulattin', 'halfbloed', 'mulat']",[]
334,neger,eng-30-09638009-n,neger,iemand met donkere huidskleur,[],"['moor', 'neger', 'negerin', 'nikker', 'roetmop', 'zwarte']","['iemand met een donkere huidskleur', 'iemand met donkere huidskleur', 'vrouw met donkere huidskleur', 'neger', 'neger of vies persoon', 'duivel']"
339,neger,eng-30-09636339-n,neger,,[],"['moor', 'neger', 'negerin', 'nikker', 'roetmop', 'zwarte']",[]
340,negers,spiritual-n-1,spiritual,geestelijk lied van negers,[],[],[]
341,negers,eng-30-06201908-n,vooroordeel,ongegronde (negatieve) mening,"['het vooroordeel dat [negers van feesten houden]', 'zonder vooroordelen', 'een vooroordeel hebben', 'de meeste mensen ontkennen dat ze vooroordelen over buitenlanders hebben', 'vooroordelen over [vreemdelingen/buitenlanders]']","['bevooroordelen', 'neiging', 'partijdigheid', 'partijschap', 'vooroordeel']","['vooringenomenheid', 'partijdigheid', 'ongegronde (negatieve) mening']"
342,negers,odwn-10-106512680-n,soulmuziek,muzieksoort ontstaan bij negers,[],['soulmuziek'],['muzieksoort ontstaan bij negers']
344,negers,odwn-10-101064198-n,soul,muzieksoort ontstaan bij negers,[],['soul'],['muzieksoort ontstaan bij negers']
346,ontdekken,eng-30-02154508-v,ontdekken,,[],"['opsporen', 'detecteren', 'ontdekken', 'vinden']",['na zoeken ontdekken']
349,ontdekken,odwn-10-105383688-n,bewijsplaats,bewoordingen die bewijs leveren,['bewijsplaatsen vinden/ontdekken'],['bewijsplaats'],['bewoordingen die bewijs leveren']
350,ontdekken,eng-30-02128066-v,ontdekken,,[],"['onthullen', 'blootleggen', 'tot de ontdekking komen', 'ontdekken']",[]
351,ontdekken,odwn-10-108767604-v,ontdekken,,[],['ontdekken'],[]
352,ontdekken,vinding-n-2,vinding,het ontdekken,['de vinding van een schat'],[],[]
353,ontdekken,eng-30-09460312-n,spoor,"afdruk v.e. poot, voet, wiel op de grond","['geen spoor meer van iets kunnen ontdekken', 'er was geen spoor van hem te bekennen', 'een spoortje [ironie/licht]', 'sporen van geweldpleging', 'zonder ook maar een spoor van ongeduld bleef hij de vragen beantwoorden', 'een spoor van ongeduld', 'iemand/iets op het spoor komen', 'het spoor bijster zijn', 'uit het spoor raken', 'sporen uitwissen', 'iemands spoor volgen', 'een spoor(tje) (van) [ironie/spot] vertonen']",['spoor'],"['afdruk v.e. poot, voet, wiel op de grond']"
354,ontdekken,eng-30-04767347-n,regelmaat,vast tijdschema voor gebeurtenissen,"['hier heerst een vaste regelmaat', 'ik probeer regelmaat in haar gedrag te ontdekken', 'ergens regelmaat in ontdekken', 'met (voldoende) regelmaat']",['regelmaat'],['vast tijdschema voor gebeurtenissen']
356,ontdekken,eng-30-00721437-v,ontdekken,vinden wat verborgen is,"['wetenschappers vermoeden een tot op heden geheel onbekend zonnestelsel ontdekt te hebben', 'een tot op heden onbekend zonnestelsel ontdekken', 'Pierre en Marie Curie ontdekten het radium', 'het radium ontdekken', 'een fout ontdekken in een tekst', 'ontdekken dat hij spioneert', 'heb je al kunnen ontdekken of er een andere uitweg is?', 'ontdekken of er een uitweg is', 'ontdekken waarom een apparaat niet werkt', 'ontdekken dat de wereld niet vlak maar rond was', 'bij toeval de oorzaak van kraamvrouwenkoorts ontdekken']",['ontdekken'],['vinden wat verborgen is']
366,ontdekken,eng-30-00076196-n,taalfout,fout in taalgebruik,"['deze brief bevat zoveel taalfouten dat ik hem terzijde heb gelegd', 'een taalfout verbeteren', 'een taalfout ontdekken', 'een taalfout maken']","['vergissing', 'flater', 'blunder', 'taalfout']",['fout in taalgebruik']
367,ontdekken,odwn-10-102951676-v,herontdekken,opnieuw ontdekken,['een schilderij herontdekken'],['herontdekken'],['opnieuw ontdekken']
369,ontwikkelingsland,odwn-10-107793684-n,ontwikkelingsland,land met weinig (economische) groei,['in de ontwikkelingslanden'],['ontwikkelingsland'],['land met weinig (economische) groei']
370,ontwikkelingsland,eng-30-08167046-n,ontwikkelingsland,,[],['ontwikkelingsland'],[]
371,ontwikkelingsland,odwn-10-100905185-v,uitzenden,mensen sturen,['iemand als arts naar een ontwikkelingsland uitzenden'],"['rondstralen', 'uitzenden']",['mensen sturen']
372,ontwikkelingsland,foster parent-n-1,foster parent,pleegouder van kind in ontwikkelingsland,['ze wil foster parent worden van een Soedanees kindje'],[],[]
373,ontwikkelingslanden,odwn-10-107793684-n,ontwikkelingsland,land met weinig (economische) groei,['in de ontwikkelingslanden'],['ontwikkelingsland'],['land met weinig (economische) groei']
374,ontwikkelingslanden,odwn-10-108219147-n,wereldhandel,internationale handel,"['de organisatie ziet vooral ontwikkelingslanden profiteren van de toenemende vrije wereldhandel', 'de vrije wereldhandel']",['wereldhandel'],['internationale handel']
375,ontwikkelingslanden,eng-30-08195636-n,ontwikkelingshulp,hulp aan ontwikkelingslanden,"['de ontwikkelingshulp bevriezen', 'ontwikkelingshulp aan [Somalië]', 'ontwikkelingshulp geven/verstrekken (aan een land)', 'ontwikkelingshulp krijgen']","['ontwikkelingshulp', 'ontwikkelingswerk']","['hulp aan ontwikkelingslanden', 'hulp aan ontwikkelingslanden']"
379,ontwikkelingslanden,odwn-10-108533146-n,wereldwinkel,winkel die ontwikkelingslanden steunt,[],['wereldwinkel'],['winkel die ontwikkelingslanden steunt']
381,page,page-n-1,page,jongen als dienaar v.e. edelman,[],[],[]
382,page,eng-30-10391086-n,page,,[],"['schildknaap', 'boer', 'page']",[]
383,politionele acties,eng-30-01080366-n,actie,manifestatie,"['de acties zullen een publieksvriendelijk karakter hebben', 'een actie tegen de aanleg van de Betuwelijn', 'een actie tegen [iets/iemand]', 'actie voeren', 'de boeren dreigen met harde acties', 'harde actie', 'de politionele acties', 'acties afkondigen (tegen het regeringsbeleid)', 'tot actie oproepen', 'acties staken/afblazen/beëindigen/opschorten', 'acties organiseren']",['actie'],['manifestatie']
384,primitief,eng-30-09627462-n,primitief,iemand die schildert in primitieve stijl,[],"['primitief', 'primitieven']",['iemand die schildert in primitieve stijl']
385,primitief,eng-30-02932400-n,hut,primitief huisje,"['lemen/rieten/houten hutten', 'die mensen wonen in hutten', 'in een hut', 'de kinderen hadden een hut in de tuin gebouwd', 'een hut bouwen']","['hut', 'trekkershut']",['primitief huisje']
387,primitief,eng-30-10553402-n,wilde,primitief iemand,"[""Rousseau's idee van de 'edele wilde' is toch wel achterhaald""]","['barbaar', 'kannibaal', 'natuurmens', 'wilde']","['woesteling', 'bloeddorstig persoon', 'natuurliefhebber', 'primitief iemand']"
389,primitief,eng-30-01558993-n,,,,[],['primitief bankbiljet']
390,primitieve,eng-30-09627462-n,primitief,iemand die schildert in primitieve stijl,[],"['primitief', 'primitieven']",['iemand die schildert in primitieve stijl']
392,primitieve,eng-30-00910203-n,geluidsopname,opname van geluid,['geluidsopnamen maken van primitieve muziek'],"['geluidsopname', 'geluidsregistratie', 'opname', 'registratie']","['opname van geluid', 'het maken v.e. film, foto, geluidsband', 'opname van beeld of geluid']"
393,primitieve,odwn-10-109144960-n,vogelbekdier,dier uit orde van primitieve zoogdieren,[],['vogelbekdier'],['dier uit orde van primitieve zoogdieren']
395,pygmee,eng-30-10496626-n,pygmee,lid v.e. dwergvolk,[],['pygmee'],['lid v.e. dwergvolk']
396,pygmee,eng-30-10496489-n,pygmee,,[],"['dwerg', 'pygmee']",[]
397,pygmeeën,eng-30-09183693-n,zede,algemene gewoonte of gebruik,['zeden en gewoonten (van de Pygmeeën)'],"['moraal', 'moralisme', 'moraliteit', 'zede', 'zeden']","['opvatting over goed en slecht', 'zienswijze bepaald door moraal', 'algemene gewoonte of gebruik', 'ethische normen en regels']"
398,ras,eng-30-01155044-n,rassendiscriminatie,discriminatie op basis van ras,['de strijd tegen rassendiscriminatie'],"['racisme', 'rassehaat', 'rassendiscriminatie', 'rassenhaat', 'rassenongelijkheid']","['haat jegens andere rassen', 'discriminatie op basis van ras', 'haat op basis van verschil in ras']"
402,ras,eng-30-14410918-n,rassenkwestie,probleem vanwege verschillen in ras,['de pijnlijke rassenkwestie in de V.S.'],"['rassenkwestie', 'rassenprobleem', 'rassenvraagstuk']","['probleem vanwege verschillen in ras', 'probleem vanwege verschillen in ras']"
406,ras,odwn-10-100937974-n,ras,mensenras,['het menselijke ras'],['ras'],['mensenras']
408,ras,odwn-10-104772963-n,rassenscheiding,gescheiden samenleving obv. ras,['in Zuid-Afrika werd jarenlang een politiek van rassenscheiding gevoerd'],['rassenscheiding'],['gescheiden samenleving obv. ras']
410,ras,odwn-10-108984511-n,kleur,ras van mensen met een bepaalde huidskleur,"['Het maakt niet uit van welke kleur je bent. We nemen iedereen aan.', 'Iemand van een kleur']",['kleur'],['ras van mensen met een bepaalde huidskleur']
412,ras,eng-30-10502950-n,racist,iemand die mensen v.e. ander ras haat,['ze schold hem uit voor racist'],['racist'],['iemand die mensen v.e. ander ras haat']
414,ras,eng-30-07967382-n,ras,type mensen,['een ras van zeevaarders'],['ras'],['type mensen']
416,ras,odwn-10-105135966-n,ras,subgroep van dieren of planten,"['het ras van de muizen', 'Doordat we elk jaar nieuwe rassen opplanten en oude rassen laten blijven, wordt het aantal soorten dat opkomt steeds groter, kleurrijker, bonter en mooier.']",['ras'],['subgroep van dieren of planten']
418,ras,eng-30-09698337-n,spleetoog,oog zoals bij het Mongoloïde ras,[],['spleetoog'],['oog zoals bij het Mongoloïde ras']
420,ras,eng-30-05839024-n,ras,,[],"['genre', 'categorie', 'aard', 'ras', 'type', 'soort']",['categorie']
421,rassen,eng-30-01155044-n,racisme,haat jegens andere rassen,['Er werd een demonstratie gehouden tegen het opkomend racisme'],"['racisme', 'rassehaat', 'rassendiscriminatie', 'rassenhaat', 'rassenongelijkheid']","['haat jegens andere rassen', 'discriminatie op basis van ras', 'haat op basis van verschil in ras']"
423,rassen,eng-30-00850425-n,kruising,voortplanting door verschillende rassen,['een kruising tussen/van [een teckel en een terriër]'],"['kruising', 'rassenvermenging', 'vermenging']","['voortplanting door verschillende rassen', 'kruising']"
425,rassen,eng-30-10157549-n,kleurling,kind van verschillende rassen,"['zwarten, blanken en kleurlingen']","['halfbloed', 'kleurling']","['persoon van gemengde afkomst', 'kind van verschillende rassen']"
427,rassen,odwn-10-107524753-v,vermengen,gemengd raken,"['die rassen vermengen zich', 'water vermengt zich niet met olie', 'zich met olie vermengen']",['vermengen'],['gemengd raken']
428,rassen,odwn-10-105135966-n,ras,subgroep van dieren of planten,"['het ras van de muizen', 'Doordat we elk jaar nieuwe rassen opplanten en oude rassen laten blijven, wordt het aantal soorten dat opkomt steeds groter, kleurrijker, bonter en mooier.']",['ras'],['subgroep van dieren of planten']
429,rassen,eng-30-07900225-n,rassen,,[],['rassen'],[]
430,slaaf,eng-30-10609325-n,slaaf,iemand die eigendom is v.e. ander,['iemand tot slaaf maken'],"['heloot', 'lijfeigene', 'slaaf', 'slavin']","['iemand die eigendom is v.e. ander', 'iemand die eigendom is v.e. ander']"
432,slaaf,eng-30-13997253-n,slavernij,toestand van slaaf zijn,"['de slavernij is afgeschaft', 'iemand uit de slavernij verlossen', 'iemand in slavernij brengen']","['knechtschap', 'lijfeigenschap', 'slavendienst', 'slavernij']","['slavernij', 'toestand van slaaf zijn']"
434,slaaf,eng-30-09976551-n,slaaf,v.e. ander afhankelijk persoon,"['Ik ben je slaaf niet!', 'Ik ben je slaaf niet!']","['slaaf', 'slavin']","['v.e. ander afhankelijk persoon', 'uitgebuite vrouw']"
437,slaaf,odwn-10-107447736-n,slaaf,ondergeschikte in een SM-relatie,[],['slaaf'],['ondergeschikte in een SM-relatie']
438,slaaf,eng-30-10580535-n,,,,"['lijfeigene', 'halfvrije', 'heloot', 'horige', 'laat']","['iemand die bezit was v.e. landeigenaar', 'slaaf']"
439,slaaf,odwn-10-101342671-n,slaaf,iemand met vaste neigingen,"['een slaaf van zijn driften/ de liefde', 'een slaaf van iets zijn']",['slaaf'],['iemand met vaste neigingen']
442,slaaf,odwn-10-105050610-n,negerslaaf,zwarte slaaf,[],['negerslaaf'],['zwarte slaaf']
444,slaaf,eng-30-09676884-n,Slaaf,,[],"['Slavische', 'Slaaf']",[]
445,slaven,slaven-v-1,slaven,zwoegen,['hij verspilde al het geld waarvoor zijn vader had geslaafd'],[],[]
446,slaven,eng-30-01114284-n,slavenhandel,handel in slaven,[],['slavenhandel'],['handel in slaven']
448,slaven,odwn-10-109472945-n,emancipatie,toekenning van gelijke rechten,"['de emancipatie van de slaven in de 19e eeuw', ""de emancipatie van de vrouw/ouderen/homo's""]",['emancipatie'],['toekenning van gelijke rechten']
449,slaven,eng-30-00623545-n,slavenarbeid,werk verricht door slaven,[],"['slavenarbeid', 'slavenwerk']",['werk verricht door slaven']
451,slaven,eng-30-02256998-v,vrijkopen,loskopen,['slaven/gevangenen vrijkopen'],"['losgeld betalen', 'losgeld', 'vrijkopen']",['loskopen']
452,slaven,odwn-10-109338286-n,slavendrijver,iemand die slaven aandrijft,[],['slavendrijver'],['iemand die slaven aandrijft']
454,slaven,eng-30-06943771-n,Slavisch,taal v.d. Slaven,[],"['Slavische taal', 'Slavisch']",['taal v.d. Slaven']
456,slaven,Slaven-n-1,Slaven,inwoners Oost-Europa,[],[],[]
457,stam,eng-30-07969695-n,stam,groep mensen,"['een lokale stam', 'nomadische stammen']","['soortgenoten', 'sibbe', 'clan', 'stam', 'volksstam']","['volksstam met eigen gewoonten en een eigen gebied', 'groep mensen', 'groep mensen met dezelfde voorvaders']"
459,stam,eng-30-07970721-n,stam,alle mensen van één geslacht,['de twaalf stammen van Israël'],"['familie', 'geslacht', 'huis', 'maagschap', 'staak', 'stam', 'tak']","['verzameling van bloedverwanten', 'mensen met gemeenschappelijke afkomst', 'geslacht van mensen', 'familietak', 'alle mensen van één geslacht', 'deel v.e. familie']"
460,stam,eng-30-06320569-n,werkwoord,woordsoort voor handeling/staat/proces,"['de stam van een werkwoord', 'wederkerende werkwoorden', 'een scheidbaar samengesteld werkwoord', 'regelmatige/onregelmatige werkwoorden', 'de modale werkwoorden', 'een reflexief werkwoord', 'onovergankelijke/intransitieve werkwoorden', 'zwakke/sterke werkwoorden', 'overgankelijke/transitieve werkwoorden', 'een werkwoord vervoegen']","['verbum', 'werkwoord']","['werkwoord', 'woordsoort voor handeling/staat/proces']"
461,stam,eng-30-13164763-n,loot,nieuw uitgelopen tak aan een plant/boom,"['een nieuwe/jonge loot aan de [politieke] stam', 'het Nederlands en het Gotisch zijn loten van dezelfde stam', 'er komen nieuwe loten aan']","['afzetsel', 'groei', 'loot', 'lot', 'poot', 'rank', 'scheut', 'schoot', 'spruit', 'telg', 'uitloper']","['nieuw uitgelopen twijg', 'nieuw uitgelopen tak aan een plant/boom', 'nieuw uitgelopen twijg', 'stekje, loot, jonge boom', 'uitgelopen tak', 'nieuw takje', 'nieuw uitgelopen twijg', 'jonge bladstengel', 'jonge boom', 'nieuwe aangroei bij planten']"
463,stam,eng-30-12731714-n,,,,"['klompehout', 'klompenhout', 'populierehout', 'populierenhout']",['loofboom met een rechte stam']
464,stam,eng-30-13165815-n,stam,onderste deel v.e. boom,[],"['boomstam', 'stam']","['boomschacht', 'onderste deel v.e. boom']"
465,stam,eng-30-10728624-n,stamgenoot,iemand uit dezelfde stam,[],['stamgenoot'],['iemand uit dezelfde stam']
467,stam,eng-30-10164025-n,stamhoofd,hoofd v.e. stam,[],"['chief', 'leider', 'chef', 'hoofd', 'dorpshoofd', 'opperhoofd', 'stamhoofd']","['stamhoofd', 'leider v.e. groep', 'hoofd v.e. stam']"
469,stam,eng-30-06300193-n,stam,woordvorm zonder vervoegingen,"[""'loop' is de stam van 'lopen'"", ""in 'loopt' is 't' de uitgang achter de stam"", 'achter/na de stam']",['stam'],['woordvorm zonder vervoegingen']
473,stam,odwn-10-104716319-n,stevigheid,mate waarin iets stevig is,['de stevigheid van de stam bepaalt de hoogte van de boom'],['stevigheid'],['mate waarin iets stevig is']
474,stammen,eng-30-07969695-n,stam,groep mensen,"['een lokale stam', 'nomadische stammen']","['soortgenoten', 'sibbe', 'clan', 'stam', 'volksstam']","['volksstam met eigen gewoonten en een eigen gebied', 'groep mensen', 'groep mensen met dezelfde voorvaders']"
475,stammen,eng-30-07970721-n,geslacht,mensen met gemeenschappelijke afkomst,"['het geslacht van de Bourbons', 'stammen uit een nobel/adellijk geslacht', 'van een voornaam geslacht', 'tot een rijk/adellijk/aanzienlijk/oud geslacht behoren']","['familie', 'geslacht', 'huis', 'maagschap', 'staak', 'stam', 'tak']","['verzameling van bloedverwanten', 'mensen met gemeenschappelijke afkomst', 'geslacht van mensen', 'familietak', 'alle mensen van één geslacht', 'deel v.e. familie']"
477,stammen,eng-30-02624263-v,stammen,afkomstig zijn van,"['het oude gebruik stamt uit de tijd van Napoleon', 'uit een tijd/taal/streek/geslacht stammen', 'stammen van een [woord/familie]']","['komen', 'ontspinnen', 'ontspringen', 'ontspruiten', 'stammen', 'teruggaan', 'voortkomen', 'voortspruiten', 'wortelen']","['voortspruiten', 'ontstaan', 'ontstaan', 'opschieten', 'afkomstig zijn van', 'ontkiemen', 'zich vasthechten']"
480,stammen,odwn-10-102673566-n,stammenoorlog,oorlog tussen stammen,['de stammenoorlog in dat Afrikaanse land blijft slachtoffers eisen'],['stammenoorlog'],['oorlog tussen stammen']
482,stammen,koloniseren-v-2,koloniseren,mensen onderwerpen,['stammen koloniseren'],[],[]
483,stammen,eng-30-01236947-n,vete,langdurige ruzie tussen (veel) mensen,"['er woedt al jarenlang een bloedige vete tussen het ANC en Inkatha', 'er woedt een vete', 'zij moeten hun onderling vetes maar zonder mij uitvechten', 'onderlinge vetes uitvechten', 'een vete met [de buren]', 'de oude veten tussen de twee stammen zal de komende tijd niet opgelost worden.', 'een (oude) vete tussen [mensen]']",['vete'],['langdurige ruzie tussen (veel) mensen']
484,stammen,eng-30-00251791-v,afstammen,oorsprong ontlenen,"['veel hedendaagse rituelen stammen van oeroude gebruiken af', 'van gebruiken afstammen']",['afstammen'],['oorsprong ontlenen']
485,stammen,eng-30-02737187-v,afstammen,"familie zijn van, voortkomen uit","['wij schijnen van de apen af te stammen', 'koningin Beatrix stamt af van Willem van Oranje', 'afstammen van [Willem van Oranje]']","['afstammen', 'spruiten']","['familie zijn van, voortkomen uit', 'voortkomen']"
486,trans,trans-n-3,trans,transseksueel iemand,[],[],[]
487,trans,trans-n-2,trans,uitspansel,[],[],[]
488,trans,eindeloosheid-n-1,eindeloosheid,zeer lange tijd,['de eindeloosheid van een reis met de Trans-Siberische spoorlijn'],[],[]
489,trans,odwn-10-107265854-n,trans,omgang rond een toren,['ze blazen de trompetten vanaf de eerste trans van de toren'],['trans'],['omgang rond een toren']
491,travestiet,eng-30-10726031-n,travestiet,persoon die aan travestie doet,[],"['tootsie', 'transvestiet', 'travestiet']",['persoon die aan travestie doet']
492,westers,verwesteren-v-2,verwesteren,westers worden,['deze Aziatische stad is al sterk verwesterd'],[],[]
493,westers,odwn-10-108925479-n,kapitalisme,overmacht v.h. geld,"['de macht van het kapitalisme', '[een marionet van] Westers kapitalisme']",['kapitalisme'],['overmacht v.h. geld']
494,westers,eng-30-05966958-n,rationalisme,bepaalde richting in het denken,['het westers rationalisme'],['rationalisme'],['bepaalde richting in het denken']
495,westers,eng-30-00523645-v,verwesteren,westers maken,[],"['verwesteren', 'verwestersen']",['westers maken']
497,westerse,eng-30-07966140-n,samenleving,maatschappij,['de moderne/westerse samenleving'],"['gemeenschap', 'maatschappij', 'samenleving', 'wereld']","['groep personen', 'samenleving', 'maatschappij', 'samenleving']"
498,westerse,odwn-10-105865991-n,industrieland,land met veel industrie,"['de westerse industrielanden', 'de leiders van de zeven rijkste industrielanden (G-7) kwamen in Washington bijeen', 'de zeven grootste/rijkste industrielanden']",['industrieland'],['land met veel industrie']
499,westerse,eng-30-08366753-n,economie,de economische praktijk,"['de Westerse/Russische/regionale economie', 'de tegenstelling tussen economie en milieu', 'een veerkrachtige economie', ""de economie groeit/'trekt aan'"", 'geleide economie', 'een derdewereldland met een noodlijdende economie', 'een noodlijdende economie', 'een geïndustrialiseerd land met een gezonde economie', 'een gezonde economie', 'de handelsbalans en het aardgas zijn de vitale segmenten van de Nederlandse economie', 'segmenten/sectoren van de economie', 'de hoge loonkosten ontwrichten de Nederlandse economie', 'de economie ontwrichten', 'een gesloten economie', 'een open economie', 'een stagnerende economie', 'een oplevende/aantrekkende economie']","['economisch systeem', 'economie']",['de economische praktijk']
500,westerse,cultuurgeschiedenis-n-1,cultuurgeschiedenis,geschiedenis v.d. cultuur,['de westerse cultuurgeschiedenis'],[],[]
501,westerse,eng-30-13941469-n,welvaartspeil,hoogte v.d. welvaart,"['een laag welvaartspeil', 'de westerse landen hebben een hoog welvaartspeil', 'een hoog welvaartspeil', 'het welvaartspeil stijgt']","['levenspeil', 'levensstandaard', 'welvaartspeil']","['materieel niveau v.h. leven', 'kosten om te leven', 'hoogte v.d. welvaart']"
502,westerse,gedijen-v-2,gedijen,van personen,"['hij gedijt niet goed in de westerse maatschappij', 'goed/slecht/niet gedijen']",[],[]
503,westerse,eng-30-05793554-n,fundament,grondslag of basis van iets,"['de fundamenten van de westerse samenleving', 'het fundament van', 'het financiële fundament voor een ingreep in de sociale zekerheid', 'het fundament voor iets', 'het Christendom is een stevig fundament onder onze maatschappij', 'een stevig fundament', 'vader Drees heeft de fundamenten van de verzorgingsstaat gelegd', 'de fundamenten leggen']","['fundament', 'grond', 'grondslag', 'hoeksteen', 'initia', 'ondergrond', 'pijler', 'substantie', 'voet']","['uitgangspunt', 'grondslag of basis van iets', 'grondslag of beginselen waarop iets berust', 'fundamenten waarop wordt gebouwd', 'basis', 'datgene waarop iets berust', 'grondslag', 'grondslag']"
504,westerse,odwn-10-100529782-n,sjabloon,geijkt patroon,['de verwerping van Westerse politieke sjablonen'],['sjabloon'],['geijkt patroon']
505,westerse,eng-30-06158346-n,wijsbegeerte,leer v.h. wezen der dingen en begrippen,"['de faculteit der Wijsbegeerte', 'Whitehead beweerde dat de hele westerse wijsbegeerte een serie voetnoten bij Plato is']","['filosofie', 'wijsbegeerte']","['leer v.h. wezen der dingen en begrippen', 'leer v.h. wezen der dingen en begrippen']"
506,westerse,odwn-10-103668509-v,polsen,voorzichtig uitzoeken,"['volgende week polst de regering Clinton zijn westerse bondgenoten en Rusland over militair ingrijpen tegen de Serviërs', 'de bondgenoten polsen over militair ingrijpen', 'iemand polsen naar zijn standpunt/mening/interesse']",['polsen'],['voorzichtig uitzoeken']
507,wit,eng-30-02133435-v,zien,als uiterlijk hebben,"['het ziet (er) zwart van de mensen', 'je ziet wat bleek, is er wat?', 'wit/bleek zien']","['voorkomen', 'schijnen', 'dunken', 'lijken', 'eruitzien', 'ogen', 'tonen', 'zien']","['een bepaald uiterlijk hebben', 'gezicht vertonen', 'eruitzien', 'staan (van kleding)', 'mooi passen', 'een indruk geven', 'als uiterlijk hebben']"
508,wit,Wit-Russisch-n-1,Wit-Russisch,taal in Wit-Rusland,[],[],[]
509,wit,eng-30-09921409-n,,,,"['sul', 'dwaas', 'meeuw', 'achterlijke', 'idioot', 'sukkel', 'goedzak', 'lobbes']","['al te goed persoon', 'goedige vent', 'bepaalde wit-met-grijze vogel']"
510,wit,eng-30-01535246-v,wassen,"zuiveren, met water al wrijvende schoonmaken","['je moet je handen wassen voor je aan tafel gaat', 'je handen wassen', 'iemand de oren wassen', 'de ene hand wast de andere', 'dat varkentje zullen we wel even wassen', 'geld wit wassen', 'zijn handen in onschuld wassen']","['schoonwassen', 'wassen']","['zuiveren, met water al wrijvende schoonmaken', 'de was doen in het huishouden']"
511,wit,eng-30-04960729-n,wit,de lichtste kleur,"['zwart op wit', 'het wit van een ei/oog', 'in het wit (zijn/trouwen)']","['witheid', 'blankheid', 'wit', 'zilver']","['de lichtste kleur', 'kleur v.h. metaal']"
516,wit,gevangeniskleren-n-1,gevangeniskleren,verplichte kleren in de gevangenis,['in films zijn gevangeniskleren altijd zwart-wit gestreept'],[],[]
517,wit,eng-30-14665351-n,albast,wit marmer,"['een huid van albast', '[een beeldje] van/in albast']","['alabaster', 'albast']",['wit marmer']
519,wit,eng-30-02391049-n,zebra,"zwart-wit, eenhoevig zoogdier","['de zebra werd door de leeuw aangevallen', ""een kudde zebra's""]",['zebra'],"['zwart-wit, eenhoevig zoogdier']"
521,wit,Wit-Russische-n-1,Wit-Russische,inwoonster Wit-Rusland,[],[],[]
522,wit,eng-30-14638799-n,goud,geelblinkend edelmetaal,"['gemunt goud', 'iets in goud beslaan', 'geslagen goud', 'goud op snee', 'iets in goud vatten', 'zwart goud', 'wit goud', 'rood goud', 'geel goud', 'Engels goud', '18-karaats goud', 'Mannheimer goud']",['goud'],['geelblinkend edelmetaal']
523,witte,odwn-10-102601580-n,brigade,mensen met bepaalde taak,"['de Witte Brigade', 'de Luchtmobiele Brigade']",['brigade'],['mensen met bepaalde taak']
524,witte,zuring-n-1,zuring,bepaald plantengeslacht,['gewone/witte zuring'],[],[]
525,witte,eng-30-09873899-n,fokker,iemand die dieren fokt,['een fokker van witte geiten'],['fokker'],['iemand die dieren fokt']
526,witte,eng-30-09762509-n,meester,iemand die iets goed kan,"['een meester zijn in [het bedenken van uitvluchten]', 'hij is een meester op de viool', 'een meester zijn op [een muziekinstrument]', 'meesters van [het witte doek/de schilderkunst]']","['superster', 'specialist', 'deskundige', 'aas', 'bollebof', 'bolleboos', 'coryfee', 'crack', 'duivelskunstenaar', 'expert', 'genie', 'grootmeester', 'hoogvlieger', 'kanjer', 'kei', 'knapperd', 'kraan', 'licht', 'meester', 'meesterbrein', 'meesteres', 'raspaardje', 'topper', 'uitblinker', 'vedette', 'virtuoos']","['iem. die uitblinkt', 'iemand die goed leert', 'iemand die uitblinkt', 'iemand die uitblinkt in bv. sport', 'iemand die ongelooflijke dingen kan', 'uitblinker', 'zeer begaafd iemand', 'toonaangevend iemand op bepaald gebied', 'erg intelligent persoon', 'persoon of ploeg die het beste is', 'iemand die ergens in uitmunt', 'iemand erg goed ergens in', 'iemand met inzicht en kennis', 'iemand die ergens erg goed in is', 'iem. die uitzonderlijk begaafd is', 'iemand die iets goed kan', 'op enige wijze opvallend iemand', 'iemand die ergens in uitblinkt', 'iemand die kan toveren', 'slim iemand', 'uitblinker m.n. in de muziek']"
527,witte,eng-30-14649197-n,fosfor,chemisch element,"['het gehalte aan fosfor bepalen', 'elementair fosfor', 'witte/rode fosfor']",['fosfor'],['chemisch element']
528,witte,odwn-10-105591402-n,bef,lichte plek bij dieren,['een zwarte kat met een witte bef'],['bef'],['lichte plek bij dieren']
529,witte,eng-30-07687053-n,ouwel,papierachtige eetbare substantie,['witte ouwel'],"['hostie', 'frou-frou', 'ouwel']","['soort vanillewafeltje', 'papierachtige eetbare substantie']"
530,witte,eng-30-02391994-n,neushoorn,groot dikhuidig zoogdier,['een witte/zwarte neushoorn'],"['neushoorn', 'rinoceros']","['groot dikhuidig zoogdier', 'neushoorn']"
531,witte,odwn-10-108091031-n,zwaan,grote zwarte of witte zwemvogel,['de wilde/gewone/zwarte/Australische zwaan'],['zwaan'],['grote zwarte of witte zwemvogel']
533,witte,odwn-10-100734477-n,ijsbeer,grote witte beer,[],['ijsbeer'],['grote witte beer']
535,witten,eng-30-00322559-v,witten,,[],"['verbleken', 'witten', 'blancheren']",[]
536,witten,eng-30-03672521-n,linnen,"lakens, theedoeken, ondergoed, e.d.","['Heel trots legt de boerin het mooie witten linnen in de kast.', 'linnen in de kast leggen']","['doek', 'lijnwaad', 'linnen', 'linnengoed']","['linnen', 'lakens, theedoeken, ondergoed, e.d.', 'weefsel uit vlas', 'bed- en badtextiel']"
537,witten,odwn-10-100281329-v,witten,witwassen,['zwart geld witten'],['witten'],['witwassen']
539,witten,odwn-10-105136601-v,witten,wit maken,['de kamers/muren witten'],['witten'],['wit maken']
541,witten,eng-30-00280301-v,witten,,[],['witten'],[]
542,witter,odwn-10-100371104-v,bleken,"lichter, witter maken",['wasgoed bleken'],['bleken'],"['lichter, witter maken']"
544,zigeuner,eng-30-10154186-n,zigeuner,lid v.e. rondtrekkend volk,"['er uitzien als een zigeuner', 'hij is een echte zigeuner', 'een kamp/standplaats van zigeuners']","['Roma', 'zigeunerin', 'gipsy', 'zigeuner']",['lid v.e. rondtrekkend volk']
547,zigeuner,eng-30-04058239-n,zigeuner,,[],"['zigeuner', 'ROM', 'rom']",['computergeheugen']
548,zigeuners,eng-30-10154186-n,zigeuner,lid v.e. rondtrekkend volk,"['er uitzien als een zigeuner', 'hij is een echte zigeuner', 'een kamp/standplaats van zigeuners']","['Roma', 'zigeunerin', 'gipsy', 'zigeuner']",['lid v.e. rondtrekkend volk']
549,zigeuners,odwn-10-100857451-v,brandmerken,een slechte naam bezorgen,"['zigeuners werden in het verleden al gauw gebrandmerkt als dieven', 'iemand brandmerken als dief', 'de televisie brandmerken als de grote boosdoener']",['brandmerken'],['een slechte naam bezorgen']
550,zigeuners,odwn-10-107418910-n,zigeunermuziek,muziek typisch van zigeuners,[],['zigeunermuziek'],['muziek typisch van zigeuners']
552,zigeuners,odwn-10-103179139-n,zigeunervolk,alle zigeuners samen,[],['zigeunervolk'],['alle zigeuners samen']
554,zigeuners,odwn-10-104901205-n,zigeunerkamp,kamp van zigeuners,[],['zigeunerkamp'],['kamp van zigeuners']
556,zwart,eng-30-01893825-n,mol,zwart diertje dat onder de grond leeft,[],"['egel', 'mol', 'stekelvarken']","['klein zoogdier met stekels', 'zwart diertje dat onder de grond leeft', 'Afrikaans knaagdier met stekels']"
558,zwart,odwn-10-105801592-n,moor,dier dat helemaal zwart is,[],['moor'],['dier dat helemaal zwart is']
560,zwart,eng-30-02133435-v,zien,als uiterlijk hebben,"['het ziet (er) zwart van de mensen', 'je ziet wat bleek, is er wat?', 'wit/bleek zien']","['voorkomen', 'schijnen', 'dunken', 'lijken', 'eruitzien', 'ogen', 'tonen', 'zien']","['een bepaald uiterlijk hebben', 'gezicht vertonen', 'eruitzien', 'staan (van kleding)', 'mooi passen', 'een indruk geven', 'als uiterlijk hebben']"
561,zwart,gevangeniskleren-n-1,gevangeniskleren,verplichte kleren in de gevangenis,['in films zijn gevangeniskleren altijd zwart-wit gestreept'],[],[]
562,zwart,eng-30-02391049-n,zebra,"zwart-wit, eenhoevig zoogdier","['de zebra werd door de leeuw aangevallen', ""een kudde zebra's""]",['zebra'],"['zwart-wit, eenhoevig zoogdier']"
564,zwart,eng-30-04960729-n,wit,de lichtste kleur,"['zwart op wit', 'het wit van een ei/oog', 'in het wit (zijn/trouwen)']","['witheid', 'blankheid', 'wit', 'zilver']","['de lichtste kleur', 'kleur v.h. metaal']"
565,zwart,odwn-10-104187578-n,panda,bepaalde zwart-witte beer,[],['panda'],['bepaalde zwart-witte beer']
567,zwart,eng-30-02071028-n,orka,zwart-wit in zee levend zoogdier,[],['orka'],['zwart-wit in zee levend zoogdier']
569,zwart,eng-30-14638799-n,goud,geelblinkend edelmetaal,"['gemunt goud', 'iets in goud beslaan', 'geslagen goud', 'goud op snee', 'iets in goud vatten', 'zwart goud', 'wit goud', 'rood goud', 'geel goud', 'Engels goud', '18-karaats goud', 'Mannheimer goud']",['goud'],['geelblinkend edelmetaal']
570,zwart,eng-30-02447366-n,das,zoogdier met zwart-witte streep,[],['das'],['zoogdier met zwart-witte streep']
572,zwarte,eng-30-09638009-n,zwarte,duivel,[],"['moor', 'neger', 'negerin', 'nikker', 'roetmop', 'zwarte']","['iemand met een donkere huidskleur', 'iemand met donkere huidskleur', 'vrouw met donkere huidskleur', 'neger', 'neger of vies persoon', 'duivel']"
573,zwarte,odwn-10-105591402-n,bef,lichte plek bij dieren,['een zwarte kat met een witte bef'],['bef'],['lichte plek bij dieren']
574,zwarte,eng-30-09636339-n,zwarte,,[],"['moor', 'neger', 'negerin', 'nikker', 'roetmop', 'zwarte']",[]
575,zwarte,eng-30-09859038-n,zwarte,aanhanger v.h. fascisme,['zijn vader was een zwarte'],"['Zwarthemden', 'zwarte', 'zwarthemden']",['aanhanger v.h. fascisme']
577,zwarte,odwn-10-108091031-n,zwaan,grote zwarte of witte zwemvogel,['de wilde/gewone/zwarte/Australische zwaan'],['zwaan'],['grote zwarte of witte zwemvogel']
580,zwarte,zwarte-n-1,zwarte,iemand met een zwarte huid,['het land van de zwarten'],[],[]
582,zwarte,eng-30-01579028-n,kraai,grote zwarte vogel,"['zo schor als een kraai', 'een bonte/gewone/zwarte kraai']",['kraai'],"['grote zwarte vogel', 'drager v.e. doodskist']"
585,zwarte,eng-30-06715223-n,belediging,uiting,"['een belediging naar het hoofd geworpen krijgen', 'dat boek is een belediging voor zwarte mensen', 'een belediging voor iets of iemand', 'ik voel dat niet als een belediging', 'iets als een belediging voelen']","['spot', 'affront', 'belediging', 'insultatie', 'krenking', 'kwetsing', 'schoffering']","['uiting', 'aanval v.e. ziekte', 'kwetsing', 'slecht of verkeerd gebruik']"
586,zwarte,odwn-10-103179400-n,bende,groep van ongure individuen,"['een bende rovers', 'de bende van [De Zwarte Hand]', 'de leden van de bende', 'een bende vormen', 'rivaliserende bendes']","['bende', 'boevenbende']",['groep van ongure individuen']
587,zwarte,odwn-10-104494013-n,Arabier,paard,['een zwarte Arabier'],['Arabier'],['paard']
588,zwarten,eng-30-10157549-n,kleurling,kind van verschillende rassen,"['zwarten, blanken en kleurlingen']","['halfbloed', 'kleurling']","['persoon van gemengde afkomst', 'kind van verschillende rassen']"
589,zwarten,odwn-10-103541331-n,blanke,iemand met lichte huidskleur,"['blanken en zwarten worden in Zuid-Afrika niet langer apart gehouden', 'onder de apartheid hadden blanken meer rechten dan zwarten']",['blanke'],['iemand met lichte huidskleur']
591,zwarten,zwarte-n-1,zwarte,iemand met een zwarte huid,['het land van de zwarten'],[],[]
592,zwarten,eng-30-02502536-v,toelaten,toegang geven,"['we mogen niemand toelaten bij de zieke', 'iemand toelaten bij [een zieke]', 'iemand toelaten in [een kamer]', 'vroeger werden er geen zwarten op die school toegelaten', 'een leerling toelaten op [een school]', 'ze willen enkele voormalige Oostbloklanden toelaten tot de Europese Unie', 'een land toelaten tot [de Europese Unie]', 'kinderen (niet) toegelaten']","['toegang verlenen', 'binnenlaten', 'inlaten', 'toelaten']","['laten binnenkomen', 'je bemoeien met', 'toegang geven']"
