item,instance_of
http://www.wikidata.org/entity/L37606-S1,http://www.wikidata.org/entity/Q545779
http://www.wikidata.org/entity/L7015-S3,http://www.wikidata.org/entity/Q545779
http://www.wikidata.org/entity/L164494-S1,http://www.wikidata.org/entity/Q545779
http://www.wikidata.org/entity/L1044337,http://www.wikidata.org/entity/Q545779
http://www.wikidata.org/entity/L1096222,http://www.wikidata.org/entity/Q545779
http://www.wikidata.org/entity/Q76475,http://www.wikidata.org/entity/Q545779
http://www.wikidata.org/entity/Q171751,http://www.wikidata.org/entity/Q545779
http://www.wikidata.org/entity/Q193607,http://www.wikidata.org/entity/Q545779
http://www.wikidata.org/entity/Q193814,http://www.wikidata.org/entity/Q545779
http://www.wikidata.org/entity/Q212452,http://www.wikidata.org/entity/Q545779
http://www.wikidata.org/entity/Q225098,http://www.wikidata.org/entity/Q545779
http://www.wikidata.org/entity/Q252375,http://www.wikidata.org/entity/Q545779
http://www.wikidata.org/entity/Q253506,http://www.wikidata.org/entity/Q545779
http://www.wikidata.org/entity/Q337914,http://www.wikidata.org/entity/Q545779
http://www.wikidata.org/entity/Q356367,http://www.wikidata.org/entity/Q545779
http://www.wikidata.org/entity/Q423621,http://www.wikidata.org/entity/Q545779
http://www.wikidata.org/entity/Q587231,http://www.wikidata.org/entity/Q545779
http://www.wikidata.org/entity/Q631956,http://www.wikidata.org/entity/Q545779
http://www.wikidata.org/entity/Q641593,http://www.wikidata.org/entity/Q545779
http://www.wikidata.org/entity/Q646022,http://www.wikidata.org/entity/Q545779
http://www.wikidata.org/entity/Q704597,http://www.wikidata.org/entity/Q545779
http://www.wikidata.org/entity/Q716885,http://www.wikidata.org/entity/Q545779
http://www.wikidata.org/entity/Q741775,http://www.wikidata.org/entity/Q545779
http://www.wikidata.org/entity/Q749446,http://www.wikidata.org/entity/Q545779
http://www.wikidata.org/entity/Q838191,http://www.wikidata.org/entity/Q545779
http://www.wikidata.org/entity/Q858215,http://www.wikidata.org/entity/Q545779
http://www.wikidata.org/entity/Q898608,http://www.wikidata.org/entity/Q545779
http://www.wikidata.org/entity/Q1066801,http://www.wikidata.org/entity/Q545779
http://www.wikidata.org/entity/Q1067614,http://www.wikidata.org/entity/Q545779
http://www.wikidata.org/entity/Q1135775,http://www.wikidata.org/entity/Q545779
http://www.wikidata.org/entity/Q1138434,http://www.wikidata.org/entity/Q545779
http://www.wikidata.org/entity/Q1141345,http://www.wikidata.org/entity/Q545779
http://www.wikidata.org/entity/Q1192767,http://www.wikidata.org/entity/Q545779
http://www.wikidata.org/entity/Q1340226,http://www.wikidata.org/entity/Q545779
http://www.wikidata.org/entity/Q1382809,http://www.wikidata.org/entity/Q545779
http://www.wikidata.org/entity/Q1455718,http://www.wikidata.org/entity/Q545779
http://www.wikidata.org/entity/Q1497835,http://www.wikidata.org/entity/Q545779
http://www.wikidata.org/entity/Q1499677,http://www.wikidata.org/entity/Q545779
http://www.wikidata.org/entity/Q1503467,http://www.wikidata.org/entity/Q545779
http://www.wikidata.org/entity/Q1508980,http://www.wikidata.org/entity/Q545779
http://www.wikidata.org/entity/Q1631473,http://www.wikidata.org/entity/Q545779
http://www.wikidata.org/entity/Q1688741,http://www.wikidata.org/entity/Q545779
http://www.wikidata.org/entity/Q1752720,http://www.wikidata.org/entity/Q545779
http://www.wikidata.org/entity/Q1790733,http://www.wikidata.org/entity/Q545779
http://www.wikidata.org/entity/Q1797042,http://www.wikidata.org/entity/Q545779
http://www.wikidata.org/entity/Q1937101,http://www.wikidata.org/entity/Q545779
http://www.wikidata.org/entity/Q1942418,http://www.wikidata.org/entity/Q545779
http://www.wikidata.org/entity/Q1964958,http://www.wikidata.org/entity/Q545779
http://www.wikidata.org/entity/Q1974358,http://www.wikidata.org/entity/Q545779
http://www.wikidata.org/entity/Q1975772,http://www.wikidata.org/entity/Q545779
http://www.wikidata.org/entity/Q1988861,http://www.wikidata.org/entity/Q545779
http://www.wikidata.org/entity/Q2165166,http://www.wikidata.org/entity/Q545779
http://www.wikidata.org/entity/Q2281589,http://www.wikidata.org/entity/Q545779
http://www.wikidata.org/entity/Q2415705,http://www.wikidata.org/entity/Q545779
http://www.wikidata.org/entity/Q2460281,http://www.wikidata.org/entity/Q545779
http://www.wikidata.org/entity/Q2660346,http://www.wikidata.org/entity/Q545779
http://www.wikidata.org/entity/Q2916314,http://www.wikidata.org/entity/Q545779
http://www.wikidata.org/entity/Q3000582,http://www.wikidata.org/entity/Q545779
http://www.wikidata.org/entity/Q3050851,http://www.wikidata.org/entity/Q545779
http://www.wikidata.org/entity/Q3052630,http://www.wikidata.org/entity/Q545779
http://www.wikidata.org/entity/Q3054155,http://www.wikidata.org/entity/Q545779
http://www.wikidata.org/entity/Q3066167,http://www.wikidata.org/entity/Q545779
http://www.wikidata.org/entity/Q3175821,http://www.wikidata.org/entity/Q545779
http://www.wikidata.org/entity/Q3190168,http://www.wikidata.org/entity/Q545779
http://www.wikidata.org/entity/Q3195911,http://www.wikidata.org/entity/Q545779
http://www.wikidata.org/entity/Q3293600,http://www.wikidata.org/entity/Q545779
http://www.wikidata.org/entity/Q3365273,http://www.wikidata.org/entity/Q545779
http://www.wikidata.org/entity/Q3433266,http://www.wikidata.org/entity/Q545779
http://www.wikidata.org/entity/Q3543660,http://www.wikidata.org/entity/Q545779
http://www.wikidata.org/entity/Q3613936,http://www.wikidata.org/entity/Q545779
http://www.wikidata.org/entity/Q4117010,http://www.wikidata.org/entity/Q545779
http://www.wikidata.org/entity/Q4308992,http://www.wikidata.org/entity/Q545779
http://www.wikidata.org/entity/Q4375149,http://www.wikidata.org/entity/Q545779
http://www.wikidata.org/entity/Q4481595,http://www.wikidata.org/entity/Q545779
http://www.wikidata.org/entity/Q4666486,http://www.wikidata.org/entity/Q545779
http://www.wikidata.org/entity/Q4783473,http://www.wikidata.org/entity/Q545779
http://www.wikidata.org/entity/Q4889928,http://www.wikidata.org/entity/Q545779
http://www.wikidata.org/entity/Q4960224,http://www.wikidata.org/entity/Q545779
http://www.wikidata.org/entity/Q5089376,http://www.wikidata.org/entity/Q545779
http://www.wikidata.org/entity/Q5101084,http://www.wikidata.org/entity/Q545779
http://www.wikidata.org/entity/Q5255532,http://www.wikidata.org/entity/Q545779
http://www.wikidata.org/entity/Q5365989,http://www.wikidata.org/entity/Q545779
http://www.wikidata.org/entity/Q5616647,http://www.wikidata.org/entity/Q545779
http://www.wikidata.org/entity/Q5762570,http://www.wikidata.org/entity/Q545779
http://www.wikidata.org/entity/Q5764134,http://www.wikidata.org/entity/Q545779
http://www.wikidata.org/entity/Q5913718,http://www.wikidata.org/entity/Q545779
http://www.wikidata.org/entity/Q6009200,http://www.wikidata.org/entity/Q545779
http://www.wikidata.org/entity/Q6192243,http://www.wikidata.org/entity/Q545779
http://www.wikidata.org/entity/Q6206877,http://www.wikidata.org/entity/Q545779
http://www.wikidata.org/entity/Q6301005,http://www.wikidata.org/entity/Q545779
http://www.wikidata.org/entity/Q6630264,http://www.wikidata.org/entity/Q545779
http://www.wikidata.org/entity/Q6785843,http://www.wikidata.org/entity/Q545779
http://www.wikidata.org/entity/Q6957303,http://www.wikidata.org/entity/Q545779
http://www.wikidata.org/entity/Q6983868,http://www.wikidata.org/entity/Q545779
http://www.wikidata.org/entity/Q7581775,http://www.wikidata.org/entity/Q545779
http://www.wikidata.org/entity/Q7737989,http://www.wikidata.org/entity/Q545779
http://www.wikidata.org/entity/Q7749836,http://www.wikidata.org/entity/Q545779
http://www.wikidata.org/entity/Q7813776,http://www.wikidata.org/entity/Q545779
http://www.wikidata.org/entity/Q7832808,http://www.wikidata.org/entity/Q545779
http://www.wikidata.org/entity/Q7845194,http://www.wikidata.org/entity/Q545779
http://www.wikidata.org/entity/Q7877786,http://www.wikidata.org/entity/Q545779
http://www.wikidata.org/entity/Q7972083,http://www.wikidata.org/entity/Q545779
http://www.wikidata.org/entity/Q7984571,http://www.wikidata.org/entity/Q545779
http://www.wikidata.org/entity/Q8017761,http://www.wikidata.org/entity/Q545779
http://www.wikidata.org/entity/Q8025244,http://www.wikidata.org/entity/Q545779
http://www.wikidata.org/entity/Q8190641,http://www.wikidata.org/entity/Q545779
http://www.wikidata.org/entity/Q9340030,http://www.wikidata.org/entity/Q545779
http://www.wikidata.org/entity/Q10494351,http://www.wikidata.org/entity/Q545779
http://www.wikidata.org/entity/Q10495919,http://www.wikidata.org/entity/Q545779
http://www.wikidata.org/entity/Q10516126,http://www.wikidata.org/entity/Q545779
http://www.wikidata.org/entity/Q10527388,http://www.wikidata.org/entity/Q545779
http://www.wikidata.org/entity/Q10605534,http://www.wikidata.org/entity/Q545779
http://www.wikidata.org/entity/Q10883485,http://www.wikidata.org/entity/Q545779
http://www.wikidata.org/entity/Q10893757,http://www.wikidata.org/entity/Q545779
http://www.wikidata.org/entity/Q10969817,http://www.wikidata.org/entity/Q545779
http://www.wikidata.org/entity/Q11078607,http://www.wikidata.org/entity/Q545779
http://www.wikidata.org/entity/Q11263899,http://www.wikidata.org/entity/Q545779
http://www.wikidata.org/entity/Q11317694,http://www.wikidata.org/entity/Q545779
http://www.wikidata.org/entity/Q11327532,http://www.wikidata.org/entity/Q545779
http://www.wikidata.org/entity/Q11502136,http://www.wikidata.org/entity/Q545779
http://www.wikidata.org/entity/Q11657351,http://www.wikidata.org/entity/Q545779
http://www.wikidata.org/entity/Q11883526,http://www.wikidata.org/entity/Q545779
http://www.wikidata.org/entity/Q12034410,http://www.wikidata.org/entity/Q545779
http://www.wikidata.org/entity/Q12154196,http://www.wikidata.org/entity/Q545779
http://www.wikidata.org/entity/Q12173790,http://www.wikidata.org/entity/Q545779
http://www.wikidata.org/entity/Q12208274,http://www.wikidata.org/entity/Q545779
http://www.wikidata.org/entity/Q12315032,http://www.wikidata.org/entity/Q545779
http://www.wikidata.org/entity/Q12340673,http://www.wikidata.org/entity/Q545779
http://www.wikidata.org/entity/Q12478143,http://www.wikidata.org/entity/Q545779
http://www.wikidata.org/entity/Q12618470,http://www.wikidata.org/entity/Q545779
http://www.wikidata.org/entity/Q12619367,http://www.wikidata.org/entity/Q545779
http://www.wikidata.org/entity/Q12646345,http://www.wikidata.org/entity/Q545779
http://www.wikidata.org/entity/Q13198392,http://www.wikidata.org/entity/Q545779
http://www.wikidata.org/entity/Q16692308,http://www.wikidata.org/entity/Q545779
http://www.wikidata.org/entity/Q16823819,http://www.wikidata.org/entity/Q545779
http://www.wikidata.org/entity/Q16984810,http://www.wikidata.org/entity/Q545779
http://www.wikidata.org/entity/Q17011948,http://www.wikidata.org/entity/Q545779
http://www.wikidata.org/entity/Q17050661,http://www.wikidata.org/entity/Q545779
http://www.wikidata.org/entity/Q17068081,http://www.wikidata.org/entity/Q545779
http://www.wikidata.org/entity/Q17111307,http://www.wikidata.org/entity/Q545779
http://www.wikidata.org/entity/Q17112591,http://www.wikidata.org/entity/Q545779
http://www.wikidata.org/entity/Q17130746,http://www.wikidata.org/entity/Q545779
http://www.wikidata.org/entity/Q18973425,http://www.wikidata.org/entity/Q545779
http://www.wikidata.org/entity/Q18986590,http://www.wikidata.org/entity/Q545779
http://www.wikidata.org/entity/Q20825920,http://www.wikidata.org/entity/Q545779
http://www.wikidata.org/entity/Q21070717,http://www.wikidata.org/entity/Q545779
http://www.wikidata.org/entity/Q21088778,http://www.wikidata.org/entity/Q545779
http://www.wikidata.org/entity/Q22833386,http://www.wikidata.org/entity/Q545779
http://www.wikidata.org/entity/Q23018238,http://www.wikidata.org/entity/Q545779
http://www.wikidata.org/entity/Q23043453,http://www.wikidata.org/entity/Q545779
http://www.wikidata.org/entity/Q23719438,http://www.wikidata.org/entity/Q545779
http://www.wikidata.org/entity/Q24965086,http://www.wikidata.org/entity/Q545779
http://www.wikidata.org/entity/Q28679032,http://www.wikidata.org/entity/Q545779
http://www.wikidata.org/entity/Q29093219,http://www.wikidata.org/entity/Q545779
http://www.wikidata.org/entity/Q30315326,http://www.wikidata.org/entity/Q545779
http://www.wikidata.org/entity/Q30598504,http://www.wikidata.org/entity/Q545779
http://www.wikidata.org/entity/Q30602818,http://www.wikidata.org/entity/Q545779
http://www.wikidata.org/entity/Q30603936,http://www.wikidata.org/entity/Q545779
http://www.wikidata.org/entity/Q31821011,http://www.wikidata.org/entity/Q545779
http://www.wikidata.org/entity/Q47005895,http://www.wikidata.org/entity/Q545779
http://www.wikidata.org/entity/Q55611664,http://www.wikidata.org/entity/Q545779
http://www.wikidata.org/entity/Q55630850,http://www.wikidata.org/entity/Q545779
http://www.wikidata.org/entity/Q55657493,http://www.wikidata.org/entity/Q545779
http://www.wikidata.org/entity/Q56661036,http://www.wikidata.org/entity/Q545779
http://www.wikidata.org/entity/Q59604415,http://www.wikidata.org/entity/Q545779
http://www.wikidata.org/entity/Q61838206,http://www.wikidata.org/entity/Q545779
http://www.wikidata.org/entity/Q64102969,http://www.wikidata.org/entity/Q545779
http://www.wikidata.org/entity/Q65045683,http://www.wikidata.org/entity/Q545779
http://www.wikidata.org/entity/Q65229498,http://www.wikidata.org/entity/Q545779
http://www.wikidata.org/entity/Q65303355,http://www.wikidata.org/entity/Q545779
http://www.wikidata.org/entity/Q65794649,http://www.wikidata.org/entity/Q545779
http://www.wikidata.org/entity/Q80996540,http://www.wikidata.org/entity/Q545779
http://www.wikidata.org/entity/Q85865182,http://www.wikidata.org/entity/Q545779
http://www.wikidata.org/entity/Q95530210,http://www.wikidata.org/entity/Q545779
http://www.wikidata.org/entity/Q97352327,http://www.wikidata.org/entity/Q545779
http://www.wikidata.org/entity/Q98968151,http://www.wikidata.org/entity/Q545779
http://www.wikidata.org/entity/Q102112271,http://www.wikidata.org/entity/Q545779
http://www.wikidata.org/entity/Q102931604,http://www.wikidata.org/entity/Q545779
http://www.wikidata.org/entity/Q102947518,http://www.wikidata.org/entity/Q545779
http://www.wikidata.org/entity/Q104563535,http://www.wikidata.org/entity/Q545779
http://www.wikidata.org/entity/Q104787097,http://www.wikidata.org/entity/Q545779
http://www.wikidata.org/entity/Q105554633,http://www.wikidata.org/entity/Q545779
http://www.wikidata.org/entity/Q106434947,http://www.wikidata.org/entity/Q545779
http://www.wikidata.org/entity/Q109017490,http://www.wikidata.org/entity/Q545779
http://www.wikidata.org/entity/Q109391487,http://www.wikidata.org/entity/Q545779
http://www.wikidata.org/entity/Q110442848,http://www.wikidata.org/entity/Q545779
http://www.wikidata.org/entity/Q110898250,http://www.wikidata.org/entity/Q545779
http://www.wikidata.org/entity/Q112659251,http://www.wikidata.org/entity/Q545779
http://www.wikidata.org/entity/Q113126434,http://www.wikidata.org/entity/Q545779
http://www.wikidata.org/entity/Q113621766,http://www.wikidata.org/entity/Q545779
http://www.wikidata.org/entity/Q114829786,http://www.wikidata.org/entity/Q545779
http://www.wikidata.org/entity/Q115651682,http://www.wikidata.org/entity/Q545779
http://www.wikidata.org/entity/Q117538548,http://www.wikidata.org/entity/Q545779
http://www.wikidata.org/entity/Q117803563,http://www.wikidata.org/entity/Q545779
http://www.wikidata.org/entity/Q117871613,http://www.wikidata.org/entity/Q545779
http://www.wikidata.org/entity/Q118324158,http://www.wikidata.org/entity/Q545779
http://www.wikidata.org/entity/Q118611222,http://www.wikidata.org/entity/Q545779
http://www.wikidata.org/entity/Q120074101,http://www.wikidata.org/entity/Q545779
http://www.wikidata.org/entity/L176804-S1,http://www.wikidata.org/entity/Q1371427
http://www.wikidata.org/entity/L314481,http://www.wikidata.org/entity/Q1371427
http://www.wikidata.org/entity/L179585,http://www.wikidata.org/entity/Q1371427
http://www.wikidata.org/entity/Q45991,http://www.wikidata.org/entity/Q1371427
http://www.wikidata.org/entity/Q113886,http://www.wikidata.org/entity/Q1371427
http://www.wikidata.org/entity/Q134313,http://www.wikidata.org/entity/Q1371427
http://www.wikidata.org/entity/Q393942,http://www.wikidata.org/entity/Q1371427
http://www.wikidata.org/entity/Q423621,http://www.wikidata.org/entity/Q1371427
http://www.wikidata.org/entity/Q477579,http://www.wikidata.org/entity/Q1371427
http://www.wikidata.org/entity/Q548665,http://www.wikidata.org/entity/Q1371427
http://www.wikidata.org/entity/Q668979,http://www.wikidata.org/entity/Q1371427
http://www.wikidata.org/entity/Q692062,http://www.wikidata.org/entity/Q1371427
http://www.wikidata.org/entity/Q704597,http://www.wikidata.org/entity/Q1371427
http://www.wikidata.org/entity/Q820343,http://www.wikidata.org/entity/Q1371427
http://www.wikidata.org/entity/Q830171,http://www.wikidata.org/entity/Q1371427
http://www.wikidata.org/entity/Q851389,http://www.wikidata.org/entity/Q1371427
http://www.wikidata.org/entity/Q855230,http://www.wikidata.org/entity/Q1371427
http://www.wikidata.org/entity/Q858215,http://www.wikidata.org/entity/Q1371427
http://www.wikidata.org/entity/Q891534,http://www.wikidata.org/entity/Q1371427
http://www.wikidata.org/entity/Q930918,http://www.wikidata.org/entity/Q1371427
http://www.wikidata.org/entity/Q1130557,http://www.wikidata.org/entity/Q1371427
http://www.wikidata.org/entity/Q1143834,http://www.wikidata.org/entity/Q1371427
http://www.wikidata.org/entity/Q1194204,http://www.wikidata.org/entity/Q1371427
http://www.wikidata.org/entity/Q1285250,http://www.wikidata.org/entity/Q1371427
http://www.wikidata.org/entity/Q1396226,http://www.wikidata.org/entity/Q1371427
http://www.wikidata.org/entity/Q1455718,http://www.wikidata.org/entity/Q1371427
http://www.wikidata.org/entity/Q1527157,http://www.wikidata.org/entity/Q1371427
http://www.wikidata.org/entity/Q1532765,http://www.wikidata.org/entity/Q1371427
http://www.wikidata.org/entity/Q1631473,http://www.wikidata.org/entity/Q1371427
http://www.wikidata.org/entity/Q1687786,http://www.wikidata.org/entity/Q1371427
http://www.wikidata.org/entity/Q1722974,http://www.wikidata.org/entity/Q1371427
http://www.wikidata.org/entity/Q1797042,http://www.wikidata.org/entity/Q1371427
http://www.wikidata.org/entity/Q1937101,http://www.wikidata.org/entity/Q1371427
http://www.wikidata.org/entity/Q1942418,http://www.wikidata.org/entity/Q1371427
http://www.wikidata.org/entity/Q1957678,http://www.wikidata.org/entity/Q1371427
http://www.wikidata.org/entity/Q2030889,http://www.wikidata.org/entity/Q1371427
http://www.wikidata.org/entity/Q2415705,http://www.wikidata.org/entity/Q1371427
http://www.wikidata.org/entity/Q2478213,http://www.wikidata.org/entity/Q1371427
http://www.wikidata.org/entity/Q2504292,http://www.wikidata.org/entity/Q1371427
http://www.wikidata.org/entity/Q2552898,http://www.wikidata.org/entity/Q1371427
http://www.wikidata.org/entity/Q2607673,http://www.wikidata.org/entity/Q1371427
http://www.wikidata.org/entity/Q2621965,http://www.wikidata.org/entity/Q1371427
http://www.wikidata.org/entity/Q3271973,http://www.wikidata.org/entity/Q1371427
http://www.wikidata.org/entity/Q3394291,http://www.wikidata.org/entity/Q1371427
http://www.wikidata.org/entity/Q3676388,http://www.wikidata.org/entity/Q1371427
http://www.wikidata.org/entity/Q3735685,http://www.wikidata.org/entity/Q1371427
http://www.wikidata.org/entity/Q3772738,http://www.wikidata.org/entity/Q1371427
http://www.wikidata.org/entity/Q3920209,http://www.wikidata.org/entity/Q1371427
http://www.wikidata.org/entity/Q4117010,http://www.wikidata.org/entity/Q1371427
http://www.wikidata.org/entity/Q4254120,http://www.wikidata.org/entity/Q1371427
http://www.wikidata.org/entity/Q4387071,http://www.wikidata.org/entity/Q1371427
http://www.wikidata.org/entity/Q4402286,http://www.wikidata.org/entity/Q1371427
http://www.wikidata.org/entity/Q4503131,http://www.wikidata.org/entity/Q1371427
http://www.wikidata.org/entity/Q4505355,http://www.wikidata.org/entity/Q1371427
http://www.wikidata.org/entity/Q4527926,http://www.wikidata.org/entity/Q1371427
http://www.wikidata.org/entity/Q4876278,http://www.wikidata.org/entity/Q1371427
http://www.wikidata.org/entity/Q5140747,http://www.wikidata.org/entity/Q1371427
http://www.wikidata.org/entity/Q5365989,http://www.wikidata.org/entity/Q1371427
http://www.wikidata.org/entity/Q5896426,http://www.wikidata.org/entity/Q1371427
http://www.wikidata.org/entity/Q6884091,http://www.wikidata.org/entity/Q1371427
http://www.wikidata.org/entity/Q7033141,http://www.wikidata.org/entity/Q1371427
http://www.wikidata.org/entity/Q7190749,http://www.wikidata.org/entity/Q1371427
http://www.wikidata.org/entity/Q7217739,http://www.wikidata.org/entity/Q1371427
http://www.wikidata.org/entity/Q8053000,http://www.wikidata.org/entity/Q1371427
http://www.wikidata.org/entity/Q10932294,http://www.wikidata.org/entity/Q1371427
http://www.wikidata.org/entity/Q11078474,http://www.wikidata.org/entity/Q1371427
http://www.wikidata.org/entity/Q11419538,http://www.wikidata.org/entity/Q1371427
http://www.wikidata.org/entity/Q12315032,http://www.wikidata.org/entity/Q1371427
http://www.wikidata.org/entity/Q12681143,http://www.wikidata.org/entity/Q1371427
http://www.wikidata.org/entity/Q15730890,http://www.wikidata.org/entity/Q1371427
http://www.wikidata.org/entity/Q15821113,http://www.wikidata.org/entity/Q1371427
http://www.wikidata.org/entity/Q15838079,http://www.wikidata.org/entity/Q1371427
http://www.wikidata.org/entity/Q16702163,http://www.wikidata.org/entity/Q1371427
http://www.wikidata.org/entity/Q16858883,http://www.wikidata.org/entity/Q1371427
http://www.wikidata.org/entity/Q17050661,http://www.wikidata.org/entity/Q1371427
http://www.wikidata.org/entity/Q17052579,http://www.wikidata.org/entity/Q1371427
http://www.wikidata.org/entity/Q18379531,http://www.wikidata.org/entity/Q1371427
http://www.wikidata.org/entity/Q19278066,http://www.wikidata.org/entity/Q1371427
http://www.wikidata.org/entity/Q19915336,http://www.wikidata.org/entity/Q1371427
http://www.wikidata.org/entity/Q20825920,http://www.wikidata.org/entity/Q1371427
http://www.wikidata.org/entity/Q20888426,http://www.wikidata.org/entity/Q1371427
http://www.wikidata.org/entity/Q21088778,http://www.wikidata.org/entity/Q1371427
http://www.wikidata.org/entity/Q25197329,http://www.wikidata.org/entity/Q1371427
http://www.wikidata.org/entity/Q26898037,http://www.wikidata.org/entity/Q1371427
http://www.wikidata.org/entity/Q28833369,http://www.wikidata.org/entity/Q1371427
http://www.wikidata.org/entity/Q29017165,http://www.wikidata.org/entity/Q1371427
http://www.wikidata.org/entity/Q31821011,http://www.wikidata.org/entity/Q1371427
http://www.wikidata.org/entity/Q48753534,http://www.wikidata.org/entity/Q1371427
http://www.wikidata.org/entity/Q55723727,http://www.wikidata.org/entity/Q1371427
http://www.wikidata.org/entity/Q57783046,http://www.wikidata.org/entity/Q1371427
http://www.wikidata.org/entity/Q85870419,http://www.wikidata.org/entity/Q1371427
http://www.wikidata.org/entity/Q106292565,http://www.wikidata.org/entity/Q1371427
http://www.wikidata.org/entity/Q114678127,http://www.wikidata.org/entity/Q1371427
http://www.wikidata.org/entity/Q115180394,http://www.wikidata.org/entity/Q1371427
http://www.wikidata.org/entity/Q51415,http://www.wikidata.org/entity/Q1520214
http://www.wikidata.org/entity/Q165371,http://www.wikidata.org/entity/Q1520214
http://www.wikidata.org/entity/Q194448,http://www.wikidata.org/entity/Q1520214
http://www.wikidata.org/entity/Q2409875,http://www.wikidata.org/entity/Q1520214
http://www.wikidata.org/entity/Q191923,http://www.wikidata.org/entity/Q2042898
http://www.wikidata.org/entity/Q7129609,http://www.wikidata.org/entity/Q2042898
http://www.wikidata.org/entity/Q22819,http://www.wikidata.org/entity/Q16335296
http://www.wikidata.org/entity/Q38883,http://www.wikidata.org/entity/Q16335296
http://www.wikidata.org/entity/Q59671,http://www.wikidata.org/entity/Q16335296
http://www.wikidata.org/entity/Q60503,http://www.wikidata.org/entity/Q16335296
http://www.wikidata.org/entity/Q61061,http://www.wikidata.org/entity/Q16335296
http://www.wikidata.org/entity/Q113204,http://www.wikidata.org/entity/Q16335296
http://www.wikidata.org/entity/Q113630,http://www.wikidata.org/entity/Q16335296
http://www.wikidata.org/entity/Q122717,http://www.wikidata.org/entity/Q16335296
http://www.wikidata.org/entity/Q131081,http://www.wikidata.org/entity/Q16335296
http://www.wikidata.org/entity/Q153889,http://www.wikidata.org/entity/Q16335296
http://www.wikidata.org/entity/Q175249,http://www.wikidata.org/entity/Q16335296
http://www.wikidata.org/entity/Q176020,http://www.wikidata.org/entity/Q16335296
http://www.wikidata.org/entity/Q184691,http://www.wikidata.org/entity/Q16335296
http://www.wikidata.org/entity/Q184761,http://www.wikidata.org/entity/Q16335296
http://www.wikidata.org/entity/Q186370,http://www.wikidata.org/entity/Q16335296
http://www.wikidata.org/entity/Q196986,http://www.wikidata.org/entity/Q16335296
http://www.wikidata.org/entity/Q204766,http://www.wikidata.org/entity/Q16335296
http://www.wikidata.org/entity/Q215144,http://www.wikidata.org/entity/Q16335296
http://www.wikidata.org/entity/Q215548,http://www.wikidata.org/entity/Q16335296
http://www.wikidata.org/entity/Q220344,http://www.wikidata.org/entity/Q16335296
http://www.wikidata.org/entity/Q256253,http://www.wikidata.org/entity/Q16335296
http://www.wikidata.org/entity/Q285101,http://www.wikidata.org/entity/Q16335296
http://www.wikidata.org/entity/Q286651,http://www.wikidata.org/entity/Q16335296
http://www.wikidata.org/entity/Q303928,http://www.wikidata.org/entity/Q16335296
http://www.wikidata.org/entity/Q334546,http://www.wikidata.org/entity/Q16335296
http://www.wikidata.org/entity/Q338221,http://www.wikidata.org/entity/Q16335296
http://www.wikidata.org/entity/Q352719,http://www.wikidata.org/entity/Q16335296
http://www.wikidata.org/entity/Q354097,http://www.wikidata.org/entity/Q16335296
http://www.wikidata.org/entity/Q365461,http://www.wikidata.org/entity/Q16335296
http://www.wikidata.org/entity/Q396762,http://www.wikidata.org/entity/Q16335296
http://www.wikidata.org/entity/Q450515,http://www.wikidata.org/entity/Q16335296
http://www.wikidata.org/entity/Q451286,http://www.wikidata.org/entity/Q16335296
http://www.wikidata.org/entity/Q454697,http://www.wikidata.org/entity/Q16335296
http://www.wikidata.org/entity/Q460311,http://www.wikidata.org/entity/Q16335296
http://www.wikidata.org/entity/Q466118,http://www.wikidata.org/entity/Q16335296
http://www.wikidata.org/entity/Q474306,http://www.wikidata.org/entity/Q16335296
http://www.wikidata.org/entity/Q482999,http://www.wikidata.org/entity/Q16335296
http://www.wikidata.org/entity/Q499134,http://www.wikidata.org/entity/Q16335296
http://www.wikidata.org/entity/Q502323,http://www.wikidata.org/entity/Q16335296
http://www.wikidata.org/entity/Q517284,http://www.wikidata.org/entity/Q16335296
http://www.wikidata.org/entity/Q518782,http://www.wikidata.org/entity/Q16335296
http://www.wikidata.org/entity/Q549309,http://www.wikidata.org/entity/Q16335296
http://www.wikidata.org/entity/Q570749,http://www.wikidata.org/entity/Q16335296
http://www.wikidata.org/entity/Q579516,http://www.wikidata.org/entity/Q16335296
http://www.wikidata.org/entity/Q588083,http://www.wikidata.org/entity/Q16335296
http://www.wikidata.org/entity/Q588662,http://www.wikidata.org/entity/Q16335296
http://www.wikidata.org/entity/Q592996,http://www.wikidata.org/entity/Q16335296
http://www.wikidata.org/entity/Q593362,http://www.wikidata.org/entity/Q16335296
http://www.wikidata.org/entity/Q596033,http://www.wikidata.org/entity/Q16335296
http://www.wikidata.org/entity/Q618870,http://www.wikidata.org/entity/Q16335296
http://www.wikidata.org/entity/Q620537,http://www.wikidata.org/entity/Q16335296
http://www.wikidata.org/entity/Q620541,http://www.wikidata.org/entity/Q16335296
http://www.wikidata.org/entity/Q623455,http://www.wikidata.org/entity/Q16335296
http://www.wikidata.org/entity/Q637934,http://www.wikidata.org/entity/Q16335296
http://www.wikidata.org/entity/Q666281,http://www.wikidata.org/entity/Q16335296
http://www.wikidata.org/entity/Q667978,http://www.wikidata.org/entity/Q16335296
http://www.wikidata.org/entity/Q672632,http://www.wikidata.org/entity/Q16335296
http://www.wikidata.org/entity/Q673244,http://www.wikidata.org/entity/Q16335296
http://www.wikidata.org/entity/Q680492,http://www.wikidata.org/entity/Q16335296
http://www.wikidata.org/entity/Q681973,http://www.wikidata.org/entity/Q16335296
http://www.wikidata.org/entity/Q686275,http://www.wikidata.org/entity/Q16335296
http://www.wikidata.org/entity/Q689469,http://www.wikidata.org/entity/Q16335296
http://www.wikidata.org/entity/Q690928,http://www.wikidata.org/entity/Q16335296
http://www.wikidata.org/entity/Q691954,http://www.wikidata.org/entity/Q16335296
http://www.wikidata.org/entity/Q696819,http://www.wikidata.org/entity/Q16335296
http://www.wikidata.org/entity/Q712493,http://www.wikidata.org/entity/Q16335296
http://www.wikidata.org/entity/Q721960,http://www.wikidata.org/entity/Q16335296
http://www.wikidata.org/entity/Q722388,http://www.wikidata.org/entity/Q16335296
http://www.wikidata.org/entity/Q722820,http://www.wikidata.org/entity/Q16335296
http://www.wikidata.org/entity/Q725098,http://www.wikidata.org/entity/Q16335296
http://www.wikidata.org/entity/Q729340,http://www.wikidata.org/entity/Q16335296
http://www.wikidata.org/entity/Q730551,http://www.wikidata.org/entity/Q16335296
http://www.wikidata.org/entity/Q737612,http://www.wikidata.org/entity/Q16335296
http://www.wikidata.org/entity/Q762289,http://www.wikidata.org/entity/Q16335296
http://www.wikidata.org/entity/Q779015,http://www.wikidata.org/entity/Q16335296
http://www.wikidata.org/entity/Q781850,http://www.wikidata.org/entity/Q16335296
http://www.wikidata.org/entity/Q790693,http://www.wikidata.org/entity/Q16335296
http://www.wikidata.org/entity/Q806360,http://www.wikidata.org/entity/Q16335296
http://www.wikidata.org/entity/Q806907,http://www.wikidata.org/entity/Q16335296
http://www.wikidata.org/entity/Q809152,http://www.wikidata.org/entity/Q16335296
http://www.wikidata.org/entity/Q811157,http://www.wikidata.org/entity/Q16335296
http://www.wikidata.org/entity/Q813695,http://www.wikidata.org/entity/Q16335296
http://www.wikidata.org/entity/Q814695,http://www.wikidata.org/entity/Q16335296
http://www.wikidata.org/entity/Q816349,http://www.wikidata.org/entity/Q16335296
http://www.wikidata.org/entity/Q819926,http://www.wikidata.org/entity/Q16335296
http://www.wikidata.org/entity/Q820179,http://www.wikidata.org/entity/Q16335296
http://www.wikidata.org/entity/Q829581,http://www.wikidata.org/entity/Q16335296
http://www.wikidata.org/entity/Q833418,http://www.wikidata.org/entity/Q16335296
http://www.wikidata.org/entity/Q835024,http://www.wikidata.org/entity/Q16335296
http://www.wikidata.org/entity/Q841192,http://www.wikidata.org/entity/Q16335296
http://www.wikidata.org/entity/Q844409,http://www.wikidata.org/entity/Q16335296
http://www.wikidata.org/entity/Q855855,http://www.wikidata.org/entity/Q16335296
http://www.wikidata.org/entity/Q876571,http://www.wikidata.org/entity/Q16335296
http://www.wikidata.org/entity/Q885444,http://www.wikidata.org/entity/Q16335296
http://www.wikidata.org/entity/Q890527,http://www.wikidata.org/entity/Q16335296
http://www.wikidata.org/entity/Q892013,http://www.wikidata.org/entity/Q16335296
http://www.wikidata.org/entity/Q894003,http://www.wikidata.org/entity/Q16335296
http://www.wikidata.org/entity/Q914241,http://www.wikidata.org/entity/Q16335296
http://www.wikidata.org/entity/Q916292,http://www.wikidata.org/entity/Q16335296
http://www.wikidata.org/entity/Q931016,http://www.wikidata.org/entity/Q16335296
http://www.wikidata.org/entity/Q936371,http://www.wikidata.org/entity/Q16335296
http://www.wikidata.org/entity/Q965417,http://www.wikidata.org/entity/Q16335296
http://www.wikidata.org/entity/Q975943,http://www.wikidata.org/entity/Q16335296
http://www.wikidata.org/entity/Q976312,http://www.wikidata.org/entity/Q16335296
http://www.wikidata.org/entity/Q980480,http://www.wikidata.org/entity/Q16335296
http://www.wikidata.org/entity/Q984276,http://www.wikidata.org/entity/Q16335296
http://www.wikidata.org/entity/Q990876,http://www.wikidata.org/entity/Q16335296
http://www.wikidata.org/entity/Q997422,http://www.wikidata.org/entity/Q16335296
http://www.wikidata.org/entity/Q998391,http://www.wikidata.org/entity/Q16335296
http://www.wikidata.org/entity/Q999419,http://www.wikidata.org/entity/Q16335296
http://www.wikidata.org/entity/Q999448,http://www.wikidata.org/entity/Q16335296
http://www.wikidata.org/entity/Q1009943,http://www.wikidata.org/entity/Q16335296
http://www.wikidata.org/entity/Q1020410,http://www.wikidata.org/entity/Q16335296
http://www.wikidata.org/entity/Q1025522,http://www.wikidata.org/entity/Q16335296
http://www.wikidata.org/entity/Q1026280,http://www.wikidata.org/entity/Q16335296
http://www.wikidata.org/entity/Q1026378,http://www.wikidata.org/entity/Q16335296
http://www.wikidata.org/entity/Q1052996,http://www.wikidata.org/entity/Q16335296
http://www.wikidata.org/entity/Q1068441,http://www.wikidata.org/entity/Q16335296
http://www.wikidata.org/entity/Q1074665,http://www.wikidata.org/entity/Q16335296
http://www.wikidata.org/entity/Q1075791,http://www.wikidata.org/entity/Q16335296
http://www.wikidata.org/entity/Q1100126,http://www.wikidata.org/entity/Q16335296
http://www.wikidata.org/entity/Q1123770,http://www.wikidata.org/entity/Q16335296
http://www.wikidata.org/entity/Q1131236,http://www.wikidata.org/entity/Q16335296
http://www.wikidata.org/entity/Q1133078,http://www.wikidata.org/entity/Q16335296
http://www.wikidata.org/entity/Q1137527,http://www.wikidata.org/entity/Q16335296
http://www.wikidata.org/entity/Q1142037,http://www.wikidata.org/entity/Q16335296
http://www.wikidata.org/entity/Q1144440,http://www.wikidata.org/entity/Q16335296
http://www.wikidata.org/entity/Q1147709,http://www.wikidata.org/entity/Q16335296
http://www.wikidata.org/entity/Q1157210,http://www.wikidata.org/entity/Q16335296
http://www.wikidata.org/entity/Q1177007,http://www.wikidata.org/entity/Q16335296
http://www.wikidata.org/entity/Q1182768,http://www.wikidata.org/entity/Q16335296
http://www.wikidata.org/entity/Q1195546,http://www.wikidata.org/entity/Q16335296
http://www.wikidata.org/entity/Q1221092,http://www.wikidata.org/entity/Q16335296
http://www.wikidata.org/entity/Q1223276,http://www.wikidata.org/entity/Q16335296
http://www.wikidata.org/entity/Q1230451,http://www.wikidata.org/entity/Q16335296
http://www.wikidata.org/entity/Q1230780,http://www.wikidata.org/entity/Q16335296
http://www.wikidata.org/entity/Q1231569,http://www.wikidata.org/entity/Q16335296
http://www.wikidata.org/entity/Q1231619,http://www.wikidata.org/entity/Q16335296
http://www.wikidata.org/entity/Q1238248,http://www.wikidata.org/entity/Q16335296
http://www.wikidata.org/entity/Q1242063,http://www.wikidata.org/entity/Q16335296
http://www.wikidata.org/entity/Q1261187,http://www.wikidata.org/entity/Q16335296
http://www.wikidata.org/entity/Q1291250,http://www.wikidata.org/entity/Q16335296
http://www.wikidata.org/entity/Q1319376,http://www.wikidata.org/entity/Q16335296
http://www.wikidata.org/entity/Q1322390,http://www.wikidata.org/entity/Q16335296
http://www.wikidata.org/entity/Q1360697,http://www.wikidata.org/entity/Q16335296
http://www.wikidata.org/entity/Q1368595,http://www.wikidata.org/entity/Q16335296
http://www.wikidata.org/entity/Q1370540,http://www.wikidata.org/entity/Q16335296
http://www.wikidata.org/entity/Q1390804,http://www.wikidata.org/entity/Q16335296
http://www.wikidata.org/entity/Q1402571,http://www.wikidata.org/entity/Q16335296
http://www.wikidata.org/entity/Q1409141,http://www.wikidata.org/entity/Q16335296
http://www.wikidata.org/entity/Q1412722,http://www.wikidata.org/entity/Q16335296
http://www.wikidata.org/entity/Q1416611,http://www.wikidata.org/entity/Q16335296
http://www.wikidata.org/entity/Q1416955,http://www.wikidata.org/entity/Q16335296
http://www.wikidata.org/entity/Q1421144,http://www.wikidata.org/entity/Q16335296
http://www.wikidata.org/entity/Q1423138,http://www.wikidata.org/entity/Q16335296
http://www.wikidata.org/entity/Q1423990,http://www.wikidata.org/entity/Q16335296
http://www.wikidata.org/entity/Q1437530,http://www.wikidata.org/entity/Q16335296
http://www.wikidata.org/entity/Q1437684,http://www.wikidata.org/entity/Q16335296
http://www.wikidata.org/entity/Q1446551,http://www.wikidata.org/entity/Q16335296
http://www.wikidata.org/entity/Q1453786,http://www.wikidata.org/entity/Q16335296
http://www.wikidata.org/entity/Q1455520,http://www.wikidata.org/entity/Q16335296
http://www.wikidata.org/entity/Q1455706,http://www.wikidata.org/entity/Q16335296
http://www.wikidata.org/entity/Q1458955,http://www.wikidata.org/entity/Q16335296
http://www.wikidata.org/entity/Q1463475,http://www.wikidata.org/entity/Q16335296
http://www.wikidata.org/entity/Q1466992,http://www.wikidata.org/entity/Q16335296
http://www.wikidata.org/entity/Q1475695,http://www.wikidata.org/entity/Q16335296
http://www.wikidata.org/entity/Q1477489,http://www.wikidata.org/entity/Q16335296
http://www.wikidata.org/entity/Q1479168,http://www.wikidata.org/entity/Q16335296
http://www.wikidata.org/entity/Q1481555,http://www.wikidata.org/entity/Q16335296
http://www.wikidata.org/entity/Q1492584,http://www.wikidata.org/entity/Q16335296
http://www.wikidata.org/entity/Q1505336,http://www.wikidata.org/entity/Q16335296
http://www.wikidata.org/entity/Q1514059,http://www.wikidata.org/entity/Q16335296
http://www.wikidata.org/entity/Q1534758,http://www.wikidata.org/entity/Q16335296
http://www.wikidata.org/entity/Q1535747,http://www.wikidata.org/entity/Q16335296
http://www.wikidata.org/entity/Q1537521,http://www.wikidata.org/entity/Q16335296
http://www.wikidata.org/entity/Q1549100,http://www.wikidata.org/entity/Q16335296
http://www.wikidata.org/entity/Q1550197,http://www.wikidata.org/entity/Q16335296
http://www.wikidata.org/entity/Q1550210,http://www.wikidata.org/entity/Q16335296
http://www.wikidata.org/entity/Q1557197,http://www.wikidata.org/entity/Q16335296
http://www.wikidata.org/entity/Q1575252,http://www.wikidata.org/entity/Q16335296
http://www.wikidata.org/entity/Q1588527,http://www.wikidata.org/entity/Q16335296
http://www.wikidata.org/entity/Q1591330,http://www.wikidata.org/entity/Q16335296
http://www.wikidata.org/entity/Q1595738,http://www.wikidata.org/entity/Q16335296
http://www.wikidata.org/entity/Q1604739,http://www.wikidata.org/entity/Q16335296
http://www.wikidata.org/entity/Q1617492,http://www.wikidata.org/entity/Q16335296
http://www.wikidata.org/entity/Q1621274,http://www.wikidata.org/entity/Q16335296
http://www.wikidata.org/entity/Q1625611,http://www.wikidata.org/entity/Q16335296
http://www.wikidata.org/entity/Q1625695,http://www.wikidata.org/entity/Q16335296
http://www.wikidata.org/entity/Q1627694,http://www.wikidata.org/entity/Q16335296
http://www.wikidata.org/entity/Q1637861,http://www.wikidata.org/entity/Q16335296
http://www.wikidata.org/entity/Q1639265,http://www.wikidata.org/entity/Q16335296
http://www.wikidata.org/entity/Q1639825,http://www.wikidata.org/entity/Q16335296
http://www.wikidata.org/entity/Q1647862,http://www.wikidata.org/entity/Q16335296
http://www.wikidata.org/entity/Q1652608,http://www.wikidata.org/entity/Q16335296
http://www.wikidata.org/entity/Q1669765,http://www.wikidata.org/entity/Q16335296
http://www.wikidata.org/entity/Q1692364,http://www.wikidata.org/entity/Q16335296
http://www.wikidata.org/entity/Q1699290,http://www.wikidata.org/entity/Q16335296
http://www.wikidata.org/entity/Q1700526,http://www.wikidata.org/entity/Q16335296
http://www.wikidata.org/entity/Q1719653,http://www.wikidata.org/entity/Q16335296
http://www.wikidata.org/entity/Q1721051,http://www.wikidata.org/entity/Q16335296
http://www.wikidata.org/entity/Q1723169,http://www.wikidata.org/entity/Q16335296
http://www.wikidata.org/entity/Q1733058,http://www.wikidata.org/entity/Q16335296
http://www.wikidata.org/entity/Q1735460,http://www.wikidata.org/entity/Q16335296
http://www.wikidata.org/entity/Q1737648,http://www.wikidata.org/entity/Q16335296
http://www.wikidata.org/entity/Q1748920,http://www.wikidata.org/entity/Q16335296
http://www.wikidata.org/entity/Q1753974,http://www.wikidata.org/entity/Q16335296
http://www.wikidata.org/entity/Q1764321,http://www.wikidata.org/entity/Q16335296
http://www.wikidata.org/entity/Q1778520,http://www.wikidata.org/entity/Q16335296
http://www.wikidata.org/entity/Q1778598,http://www.wikidata.org/entity/Q16335296
http://www.wikidata.org/entity/Q1780147,http://www.wikidata.org/entity/Q16335296
http://www.wikidata.org/entity/Q1783957,http://www.wikidata.org/entity/Q16335296
http://www.wikidata.org/entity/Q1794773,http://www.wikidata.org/entity/Q16335296
http://www.wikidata.org/entity/Q1797239,http://www.wikidata.org/entity/Q16335296
http://www.wikidata.org/entity/Q1823482,http://www.wikidata.org/entity/Q16335296
http://www.wikidata.org/entity/Q1867563,http://www.wikidata.org/entity/Q16335296
http://www.wikidata.org/entity/Q1919067,http://www.wikidata.org/entity/Q16335296
http://www.wikidata.org/entity/Q1920475,http://www.wikidata.org/entity/Q16335296
http://www.wikidata.org/entity/Q1928095,http://www.wikidata.org/entity/Q16335296
http://www.wikidata.org/entity/Q1930605,http://www.wikidata.org/entity/Q16335296
http://www.wikidata.org/entity/Q1956413,http://www.wikidata.org/entity/Q16335296
http://www.wikidata.org/entity/Q1969533,http://www.wikidata.org/entity/Q16335296
http://www.wikidata.org/entity/Q1996467,http://www.wikidata.org/entity/Q16335296
http://www.wikidata.org/entity/Q2005008,http://www.wikidata.org/entity/Q16335296
http://www.wikidata.org/entity/Q2022081,http://www.wikidata.org/entity/Q16335296
http://www.wikidata.org/entity/Q2024200,http://www.wikidata.org/entity/Q16335296
http://www.wikidata.org/entity/Q2043903,http://www.wikidata.org/entity/Q16335296
http://www.wikidata.org/entity/Q2049806,http://www.wikidata.org/entity/Q16335296
http://www.wikidata.org/entity/Q2053655,http://www.wikidata.org/entity/Q16335296
http://www.wikidata.org/entity/Q2076839,http://www.wikidata.org/entity/Q16335296
http://www.wikidata.org/entity/Q2085129,http://www.wikidata.org/entity/Q16335296
http://www.wikidata.org/entity/Q2085136,http://www.wikidata.org/entity/Q16335296
http://www.wikidata.org/entity/Q2096021,http://www.wikidata.org/entity/Q16335296
http://www.wikidata.org/entity/Q2109591,http://www.wikidata.org/entity/Q16335296
http://www.wikidata.org/entity/Q2112546,http://www.wikidata.org/entity/Q16335296
http://www.wikidata.org/entity/Q2114191,http://www.wikidata.org/entity/Q16335296
http://www.wikidata.org/entity/Q2118064,http://www.wikidata.org/entity/Q16335296
http://www.wikidata.org/entity/Q2141884,http://www.wikidata.org/entity/Q16335296
http://www.wikidata.org/entity/Q2144955,http://www.wikidata.org/entity/Q16335296
http://www.wikidata.org/entity/Q2155363,http://www.wikidata.org/entity/Q16335296
http://www.wikidata.org/entity/Q2176240,http://www.wikidata.org/entity/Q16335296
http://www.wikidata.org/entity/Q2213553,http://www.wikidata.org/entity/Q16335296
http://www.wikidata.org/entity/Q2221693,http://www.wikidata.org/entity/Q16335296
http://www.wikidata.org/entity/Q2235179,http://www.wikidata.org/entity/Q16335296
http://www.wikidata.org/entity/Q2265303,http://www.wikidata.org/entity/Q16335296
http://www.wikidata.org/entity/Q2278370,http://www.wikidata.org/entity/Q16335296
http://www.wikidata.org/entity/Q2287247,http://www.wikidata.org/entity/Q16335296
http://www.wikidata.org/entity/Q2298147,http://www.wikidata.org/entity/Q16335296
http://www.wikidata.org/entity/Q2298149,http://www.wikidata.org/entity/Q16335296
http://www.wikidata.org/entity/Q2300106,http://www.wikidata.org/entity/Q16335296
http://www.wikidata.org/entity/Q2305112,http://www.wikidata.org/entity/Q16335296
http://www.wikidata.org/entity/Q2306950,http://www.wikidata.org/entity/Q16335296
http://www.wikidata.org/entity/Q2338540,http://www.wikidata.org/entity/Q16335296
http://www.wikidata.org/entity/Q2340375,http://www.wikidata.org/entity/Q16335296
http://www.wikidata.org/entity/Q2340636,http://www.wikidata.org/entity/Q16335296
http://www.wikidata.org/entity/Q2340797,http://www.wikidata.org/entity/Q16335296
http://www.wikidata.org/entity/Q2360821,http://www.wikidata.org/entity/Q16335296
http://www.wikidata.org/entity/Q2360978,http://www.wikidata.org/entity/Q16335296
http://www.wikidata.org/entity/Q2363185,http://www.wikidata.org/entity/Q16335296
http://www.wikidata.org/entity/Q2363925,http://www.wikidata.org/entity/Q16335296
http://www.wikidata.org/entity/Q2379200,http://www.wikidata.org/entity/Q16335296
http://www.wikidata.org/entity/Q2393424,http://www.wikidata.org/entity/Q16335296
http://www.wikidata.org/entity/Q2414466,http://www.wikidata.org/entity/Q16335296
http://www.wikidata.org/entity/Q2418068,http://www.wikidata.org/entity/Q16335296
http://www.wikidata.org/entity/Q2421673,http://www.wikidata.org/entity/Q16335296
http://www.wikidata.org/entity/Q2425247,http://www.wikidata.org/entity/Q16335296
http://www.wikidata.org/entity/Q2426787,http://www.wikidata.org/entity/Q16335296
http://www.wikidata.org/entity/Q2429735,http://www.wikidata.org/entity/Q16335296
http://www.wikidata.org/entity/Q2442308,http://www.wikidata.org/entity/Q16335296
http://www.wikidata.org/entity/Q2454677,http://www.wikidata.org/entity/Q16335296
http://www.wikidata.org/entity/Q2483709,http://www.wikidata.org/entity/Q16335296
http://www.wikidata.org/entity/Q2502075,http://www.wikidata.org/entity/Q16335296
http://www.wikidata.org/entity/Q2523723,http://www.wikidata.org/entity/Q16335296
http://www.wikidata.org/entity/Q2529243,http://www.wikidata.org/entity/Q16335296
http://www.wikidata.org/entity/Q2548091,http://www.wikidata.org/entity/Q16335296
http://www.wikidata.org/entity/Q2549346,http://www.wikidata.org/entity/Q16335296
http://www.wikidata.org/entity/Q2556807,http://www.wikidata.org/entity/Q16335296
http://www.wikidata.org/entity/Q2568145,http://www.wikidata.org/entity/Q16335296
http://www.wikidata.org/entity/Q2570377,http://www.wikidata.org/entity/Q16335296
http://www.wikidata.org/entity/Q2588761,http://www.wikidata.org/entity/Q16335296
http://www.wikidata.org/entity/Q2594009,http://www.wikidata.org/entity/Q16335296
http://www.wikidata.org/entity/Q2596481,http://www.wikidata.org/entity/Q16335296
http://www.wikidata.org/entity/Q2706939,http://www.wikidata.org/entity/Q16335296
http://www.wikidata.org/entity/Q2715020,http://www.wikidata.org/entity/Q16335296
http://www.wikidata.org/entity/Q2734995,http://www.wikidata.org/entity/Q16335296
http://www.wikidata.org/entity/Q2835909,http://www.wikidata.org/entity/Q16335296
http://www.wikidata.org/entity/Q2855191,http://www.wikidata.org/entity/Q16335296
http://www.wikidata.org/entity/Q2859615,http://www.wikidata.org/entity/Q16335296
http://www.wikidata.org/entity/Q2863559,http://www.wikidata.org/entity/Q16335296
http://www.wikidata.org/entity/Q2865787,http://www.wikidata.org/entity/Q16335296
http://www.wikidata.org/entity/Q2870087,http://www.wikidata.org/entity/Q16335296
http://www.wikidata.org/entity/Q2917272,http://www.wikidata.org/entity/Q16335296
http://www.wikidata.org/entity/Q2919599,http://www.wikidata.org/entity/Q16335296
http://www.wikidata.org/entity/Q2928593,http://www.wikidata.org/entity/Q16335296
http://www.wikidata.org/entity/Q2944254,http://www.wikidata.org/entity/Q16335296
http://www.wikidata.org/entity/Q3001516,http://www.wikidata.org/entity/Q16335296
http://www.wikidata.org/entity/Q3001599,http://www.wikidata.org/entity/Q16335296
http://www.wikidata.org/entity/Q3007616,http://www.wikidata.org/entity/Q16335296
http://www.wikidata.org/entity/Q3007620,http://www.wikidata.org/entity/Q16335296
http://www.wikidata.org/entity/Q3032660,http://www.wikidata.org/entity/Q16335296
http://www.wikidata.org/entity/Q3070981,http://www.wikidata.org/entity/Q16335296
http://www.wikidata.org/entity/Q3110452,http://www.wikidata.org/entity/Q16335296
http://www.wikidata.org/entity/Q3175423,http://www.wikidata.org/entity/Q16335296
http://www.wikidata.org/entity/Q3190387,http://www.wikidata.org/entity/Q16335296
http://www.wikidata.org/entity/Q3247515,http://www.wikidata.org/entity/Q16335296
http://www.wikidata.org/entity/Q3306591,http://www.wikidata.org/entity/Q16335296
http://www.wikidata.org/entity/Q3320577,http://www.wikidata.org/entity/Q16335296
http://www.wikidata.org/entity/Q3322355,http://www.wikidata.org/entity/Q16335296
http://www.wikidata.org/entity/Q3349707,http://www.wikidata.org/entity/Q16335296
http://www.wikidata.org/entity/Q3381594,http://www.wikidata.org/entity/Q16335296
http://www.wikidata.org/entity/Q3476460,http://www.wikidata.org/entity/Q16335296
http://www.wikidata.org/entity/Q3530056,http://www.wikidata.org/entity/Q16335296
http://www.wikidata.org/entity/Q3621523,http://www.wikidata.org/entity/Q16335296
http://www.wikidata.org/entity/Q3647133,http://www.wikidata.org/entity/Q16335296
http://www.wikidata.org/entity/Q3647671,http://www.wikidata.org/entity/Q16335296
http://www.wikidata.org/entity/Q3651435,http://www.wikidata.org/entity/Q16335296
http://www.wikidata.org/entity/Q3699586,http://www.wikidata.org/entity/Q16335296
http://www.wikidata.org/entity/Q3750514,http://www.wikidata.org/entity/Q16335296
http://www.wikidata.org/entity/Q3774421,http://www.wikidata.org/entity/Q16335296
http://www.wikidata.org/entity/Q3853787,http://www.wikidata.org/entity/Q16335296
http://www.wikidata.org/entity/Q3888836,http://www.wikidata.org/entity/Q16335296
http://www.wikidata.org/entity/Q3964220,http://www.wikidata.org/entity/Q16335296
http://www.wikidata.org/entity/Q3979940,http://www.wikidata.org/entity/Q16335296
http://www.wikidata.org/entity/Q4108101,http://www.wikidata.org/entity/Q16335296
http://www.wikidata.org/entity/Q4182017,http://www.wikidata.org/entity/Q16335296
http://www.wikidata.org/entity/Q4386521,http://www.wikidata.org/entity/Q16335296
http://www.wikidata.org/entity/Q4399389,http://www.wikidata.org/entity/Q16335296
http://www.wikidata.org/entity/Q4479469,http://www.wikidata.org/entity/Q16335296
http://www.wikidata.org/entity/Q4497540,http://www.wikidata.org/entity/Q16335296
http://www.wikidata.org/entity/Q4539755,http://www.wikidata.org/entity/Q16335296
http://www.wikidata.org/entity/Q4750568,http://www.wikidata.org/entity/Q16335296
http://www.wikidata.org/entity/Q4775346,http://www.wikidata.org/entity/Q16335296
http://www.wikidata.org/entity/Q4784667,http://www.wikidata.org/entity/Q16335296
http://www.wikidata.org/entity/Q4786894,http://www.wikidata.org/entity/Q16335296
http://www.wikidata.org/entity/Q4841229,http://www.wikidata.org/entity/Q16335296
http://www.wikidata.org/entity/Q4850133,http://www.wikidata.org/entity/Q16335296
http://www.wikidata.org/entity/Q4866769,http://www.wikidata.org/entity/Q16335296
http://www.wikidata.org/entity/Q4990869,http://www.wikidata.org/entity/Q16335296
http://www.wikidata.org/entity/Q5025868,http://www.wikidata.org/entity/Q16335296
http://www.wikidata.org/entity/Q5288290,http://www.wikidata.org/entity/Q16335296
http://www.wikidata.org/entity/Q5411719,http://www.wikidata.org/entity/Q16335296
http://www.wikidata.org/entity/Q5447391,http://www.wikidata.org/entity/Q16335296
http://www.wikidata.org/entity/Q5493361,http://www.wikidata.org/entity/Q16335296
http://www.wikidata.org/entity/Q5495303,http://www.wikidata.org/entity/Q16335296
http://www.wikidata.org/entity/Q5558645,http://www.wikidata.org/entity/Q16335296
http://www.wikidata.org/entity/Q5657881,http://www.wikidata.org/entity/Q16335296
http://www.wikidata.org/entity/Q5659833,http://www.wikidata.org/entity/Q16335296
http://www.wikidata.org/entity/Q5662230,http://www.wikidata.org/entity/Q16335296
http://www.wikidata.org/entity/Q5662519,http://www.wikidata.org/entity/Q16335296
http://www.wikidata.org/entity/Q5669838,http://www.wikidata.org/entity/Q16335296
http://www.wikidata.org/entity/Q5678399,http://www.wikidata.org/entity/Q16335296
http://www.wikidata.org/entity/Q5701622,http://www.wikidata.org/entity/Q16335296
http://www.wikidata.org/entity/Q5701625,http://www.wikidata.org/entity/Q16335296
http://www.wikidata.org/entity/Q5702521,http://www.wikidata.org/entity/Q16335296
http://www.wikidata.org/entity/Q5702851,http://www.wikidata.org/entity/Q16335296
http://www.wikidata.org/entity/Q5705383,http://www.wikidata.org/entity/Q16335296
http://www.wikidata.org/entity/Q5717300,http://www.wikidata.org/entity/Q16335296
http://www.wikidata.org/entity/Q5717305,http://www.wikidata.org/entity/Q16335296
http://www.wikidata.org/entity/Q5737805,http://www.wikidata.org/entity/Q16335296
http://www.wikidata.org/entity/Q5747846,http://www.wikidata.org/entity/Q16335296
http://www.wikidata.org/entity/Q5753957,http://www.wikidata.org/entity/Q16335296
http://www.wikidata.org/entity/Q5760416,http://www.wikidata.org/entity/Q16335296
http://www.wikidata.org/entity/Q5769226,http://www.wikidata.org/entity/Q16335296
http://www.wikidata.org/entity/Q5784170,http://www.wikidata.org/entity/Q16335296
http://www.wikidata.org/entity/Q5789300,http://www.wikidata.org/entity/Q16335296
http://www.wikidata.org/entity/Q5789876,http://www.wikidata.org/entity/Q16335296
http://www.wikidata.org/entity/Q5794923,http://www.wikidata.org/entity/Q16335296
http://www.wikidata.org/entity/Q5812485,http://www.wikidata.org/entity/Q16335296
http://www.wikidata.org/entity/Q5818397,http://www.wikidata.org/entity/Q16335296
http://www.wikidata.org/entity/Q5834880,http://www.wikidata.org/entity/Q16335296
http://www.wikidata.org/entity/Q5837562,http://www.wikidata.org/entity/Q16335296
http://www.wikidata.org/entity/Q5837705,http://www.wikidata.org/entity/Q16335296
http://www.wikidata.org/entity/Q5839882,http://www.wikidata.org/entity/Q16335296
http://www.wikidata.org/entity/Q5840626,http://www.wikidata.org/entity/Q16335296
http://www.wikidata.org/entity/Q5853592,http://www.wikidata.org/entity/Q16335296
http://www.wikidata.org/entity/Q5868160,http://www.wikidata.org/entity/Q16335296
http://www.wikidata.org/entity/Q5873044,http://www.wikidata.org/entity/Q16335296
http://www.wikidata.org/entity/Q5887254,http://www.wikidata.org/entity/Q16335296
http://www.wikidata.org/entity/Q5896454,http://www.wikidata.org/entity/Q16335296
http://www.wikidata.org/entity/Q5931034,http://www.wikidata.org/entity/Q16335296
http://www.wikidata.org/entity/Q5954455,http://www.wikidata.org/entity/Q16335296
http://www.wikidata.org/entity/Q5960856,http://www.wikidata.org/entity/Q16335296
http://www.wikidata.org/entity/Q5976501,http://www.wikidata.org/entity/Q16335296
http://www.wikidata.org/entity/Q6022681,http://www.wikidata.org/entity/Q16335296
http://www.wikidata.org/entity/Q6025511,http://www.wikidata.org/entity/Q16335296
http://www.wikidata.org/entity/Q6071232,http://www.wikidata.org/entity/Q16335296
http://www.wikidata.org/entity/Q6102644,http://www.wikidata.org/entity/Q16335296
http://www.wikidata.org/entity/Q6116655,http://www.wikidata.org/entity/Q16335296
http://www.wikidata.org/entity/Q6129085,http://www.wikidata.org/entity/Q16335296
http://www.wikidata.org/entity/Q6131557,http://www.wikidata.org/entity/Q16335296
http://www.wikidata.org/entity/Q6136454,http://www.wikidata.org/entity/Q16335296
http://www.wikidata.org/entity/Q6152697,http://www.wikidata.org/entity/Q16335296
http://www.wikidata.org/entity/Q6153695,http://www.wikidata.org/entity/Q16335296
http://www.wikidata.org/entity/Q6170720,http://www.wikidata.org/entity/Q16335296
http://www.wikidata.org/entity/Q6170822,http://www.wikidata.org/entity/Q16335296
http://www.wikidata.org/entity/Q6546278,http://www.wikidata.org/entity/Q16335296
http://www.wikidata.org/entity/Q7289783,http://www.wikidata.org/entity/Q16335296
http://www.wikidata.org/entity/Q7385332,http://www.wikidata.org/entity/Q16335296
http://www.wikidata.org/entity/Q7515348,http://www.wikidata.org/entity/Q16335296
http://www.wikidata.org/entity/Q7618097,http://www.wikidata.org/entity/Q16335296
http://www.wikidata.org/entity/Q8001033,http://www.wikidata.org/entity/Q16335296
http://www.wikidata.org/entity/Q8030007,http://www.wikidata.org/entity/Q16335296
http://www.wikidata.org/entity/Q8195082,http://www.wikidata.org/entity/Q16335296
http://www.wikidata.org/entity/Q8353229,http://www.wikidata.org/entity/Q16335296
http://www.wikidata.org/entity/Q9026476,http://www.wikidata.org/entity/Q16335296
http://www.wikidata.org/entity/Q9027520,http://www.wikidata.org/entity/Q16335296
http://www.wikidata.org/entity/Q9035560,http://www.wikidata.org/entity/Q16335296
http://www.wikidata.org/entity/Q9054280,http://www.wikidata.org/entity/Q16335296
http://www.wikidata.org/entity/Q10424503,http://www.wikidata.org/entity/Q16335296
http://www.wikidata.org/entity/Q10431418,http://www.wikidata.org/entity/Q16335296
http://www.wikidata.org/entity/Q10504467,http://www.wikidata.org/entity/Q16335296
http://www.wikidata.org/entity/Q10543172,http://www.wikidata.org/entity/Q16335296
http://www.wikidata.org/entity/Q10647918,http://www.wikidata.org/entity/Q16335296
http://www.wikidata.org/entity/Q10658478,http://www.wikidata.org/entity/Q16335296
http://www.wikidata.org/entity/Q10683628,http://www.wikidata.org/entity/Q16335296
http://www.wikidata.org/entity/Q10712100,http://www.wikidata.org/entity/Q16335296
http://www.wikidata.org/entity/Q10715786,http://www.wikidata.org/entity/Q16335296
http://www.wikidata.org/entity/Q10899181,http://www.wikidata.org/entity/Q16335296
http://www.wikidata.org/entity/Q11275020,http://www.wikidata.org/entity/Q16335296
http://www.wikidata.org/entity/Q11385494,http://www.wikidata.org/entity/Q16335296
http://www.wikidata.org/entity/Q11391893,http://www.wikidata.org/entity/Q16335296
http://www.wikidata.org/entity/Q11418677,http://www.wikidata.org/entity/Q16335296
http://www.wikidata.org/entity/Q11423079,http://www.wikidata.org/entity/Q16335296
http://www.wikidata.org/entity/Q11429569,http://www.wikidata.org/entity/Q16335296
http://www.wikidata.org/entity/Q11445655,http://www.wikidata.org/entity/Q16335296
http://www.wikidata.org/entity/Q11486171,http://www.wikidata.org/entity/Q16335296
http://www.wikidata.org/entity/Q11522634,http://www.wikidata.org/entity/Q16335296
http://www.wikidata.org/entity/Q11523656,http://www.wikidata.org/entity/Q16335296
http://www.wikidata.org/entity/Q11523663,http://www.wikidata.org/entity/Q16335296
http://www.wikidata.org/entity/Q11538704,http://www.wikidata.org/entity/Q16335296
http://www.wikidata.org/entity/Q11545898,http://www.wikidata.org/entity/Q16335296
http://www.wikidata.org/entity/Q11546650,http://www.wikidata.org/entity/Q16335296
http://www.wikidata.org/entity/Q11599058,http://www.wikidata.org/entity/Q16335296
http://www.wikidata.org/entity/Q11604423,http://www.wikidata.org/entity/Q16335296
http://www.wikidata.org/entity/Q11621876,http://www.wikidata.org/entity/Q16335296
http://www.wikidata.org/entity/Q11634379,http://www.wikidata.org/entity/Q16335296
http://www.wikidata.org/entity/Q11654943,http://www.wikidata.org/entity/Q16335296
http://www.wikidata.org/entity/Q11659023,http://www.wikidata.org/entity/Q16335296
http://www.wikidata.org/entity/Q11665142,http://www.wikidata.org/entity/Q16335296
http://www.wikidata.org/entity/Q11711496,http://www.wikidata.org/entity/Q16335296
http://www.wikidata.org/entity/Q11781549,http://www.wikidata.org/entity/Q16335296
http://www.wikidata.org/entity/Q11903681,http://www.wikidata.org/entity/Q16335296
http://www.wikidata.org/entity/Q11907081,http://www.wikidata.org/entity/Q16335296
http://www.wikidata.org/entity/Q11908918,http://www.wikidata.org/entity/Q16335296
http://www.wikidata.org/entity/Q11910013,http://www.wikidata.org/entity/Q16335296
http://www.wikidata.org/entity/Q11910888,http://www.wikidata.org/entity/Q16335296
http://www.wikidata.org/entity/Q11910895,http://www.wikidata.org/entity/Q16335296
http://www.wikidata.org/entity/Q11913534,http://www.wikidata.org/entity/Q16335296
http://www.wikidata.org/entity/Q11915618,http://www.wikidata.org/entity/Q16335296
http://www.wikidata.org/entity/Q11915756,http://www.wikidata.org/entity/Q16335296
http://www.wikidata.org/entity/Q11915889,http://www.wikidata.org/entity/Q16335296
http://www.wikidata.org/entity/Q11915911,http://www.wikidata.org/entity/Q16335296
http://www.wikidata.org/entity/Q11916298,http://www.wikidata.org/entity/Q16335296
http://www.wikidata.org/entity/Q11920909,http://www.wikidata.org/entity/Q16335296
http://www.wikidata.org/entity/Q11922167,http://www.wikidata.org/entity/Q16335296
http://www.wikidata.org/entity/Q11924799,http://www.wikidata.org/entity/Q16335296
http://www.wikidata.org/entity/Q11924802,http://www.wikidata.org/entity/Q16335296
http://www.wikidata.org/entity/Q11932058,http://www.wikidata.org/entity/Q16335296
http://www.wikidata.org/entity/Q11936544,http://www.wikidata.org/entity/Q16335296
http://www.wikidata.org/entity/Q11937219,http://www.wikidata.org/entity/Q16335296
http://www.wikidata.org/entity/Q11939963,http://www.wikidata.org/entity/Q16335296
http://www.wikidata.org/entity/Q11950882,http://www.wikidata.org/entity/Q16335296
http://www.wikidata.org/entity/Q11951644,http://www.wikidata.org/entity/Q16335296
http://www.wikidata.org/entity/Q11954336,http://www.wikidata.org/entity/Q16335296
http://www.wikidata.org/entity/Q11990329,http://www.wikidata.org/entity/Q16335296
http://www.wikidata.org/entity/Q12336287,http://www.wikidata.org/entity/Q16335296
http://www.wikidata.org/entity/Q12545508,http://www.wikidata.org/entity/Q16335296
http://www.wikidata.org/entity/Q12756405,http://www.wikidata.org/entity/Q16335296
http://www.wikidata.org/entity/Q12767402,http://www.wikidata.org/entity/Q16335296
http://www.wikidata.org/entity/Q12867071,http://www.wikidata.org/entity/Q16335296
http://www.wikidata.org/entity/Q13134997,http://www.wikidata.org/entity/Q16335296
http://www.wikidata.org/entity/Q13135439,http://www.wikidata.org/entity/Q16335296
http://www.wikidata.org/entity/Q13369657,http://www.wikidata.org/entity/Q16335296
http://www.wikidata.org/entity/Q13428474,http://www.wikidata.org/entity/Q16335296
http://www.wikidata.org/entity/Q13505672,http://www.wikidata.org/entity/Q16335296
http://www.wikidata.org/entity/Q13732138,http://www.wikidata.org/entity/Q16335296
http://www.wikidata.org/entity/Q14318286,http://www.wikidata.org/entity/Q16335296
http://www.wikidata.org/entity/Q14341585,http://www.wikidata.org/entity/Q16335296
http://www.wikidata.org/entity/Q14369301,http://www.wikidata.org/entity/Q16335296
http://www.wikidata.org/entity/Q15783966,http://www.wikidata.org/entity/Q16335296
http://www.wikidata.org/entity/Q15788540,http://www.wikidata.org/entity/Q16335296
http://www.wikidata.org/entity/Q15805067,http://www.wikidata.org/entity/Q16335296
http://www.wikidata.org/entity/Q15809178,http://www.wikidata.org/entity/Q16335296
http://www.wikidata.org/entity/Q15811356,http://www.wikidata.org/entity/Q16335296
http://www.wikidata.org/entity/Q15815814,http://www.wikidata.org/entity/Q16335296
http://www.wikidata.org/entity/Q15852124,http://www.wikidata.org/entity/Q16335296
http://www.wikidata.org/entity/Q15853882,http://www.wikidata.org/entity/Q16335296
http://www.wikidata.org/entity/Q15858859,http://www.wikidata.org/entity/Q16335296
http://www.wikidata.org/entity/Q15919092,http://www.wikidata.org/entity/Q16335296
http://www.wikidata.org/entity/Q15919094,http://www.wikidata.org/entity/Q16335296
http://www.wikidata.org/entity/Q15919111,http://www.wikidata.org/entity/Q16335296
http://www.wikidata.org/entity/Q15919239,http://www.wikidata.org/entity/Q16335296
http://www.wikidata.org/entity/Q16002450,http://www.wikidata.org/entity/Q16335296
http://www.wikidata.org/entity/Q16069546,http://www.wikidata.org/entity/Q16335296
http://www.wikidata.org/entity/Q16409665,http://www.wikidata.org/entity/Q16335296
http://www.wikidata.org/entity/Q16488742,http://www.wikidata.org/entity/Q16335296
http://www.wikidata.org/entity/Q16488975,http://www.wikidata.org/entity/Q16335296
http://www.wikidata.org/entity/Q16536263,http://www.wikidata.org/entity/Q16335296
http://www.wikidata.org/entity/Q16538741,http://www.wikidata.org/entity/Q16335296
http://www.wikidata.org/entity/Q16552363,http://www.wikidata.org/entity/Q16335296
http://www.wikidata.org/entity/Q16606464,http://www.wikidata.org/entity/Q16335296
http://www.wikidata.org/entity/Q16623889,http://www.wikidata.org/entity/Q16335296
http://www.wikidata.org/entity/Q16628168,http://www.wikidata.org/entity/Q16335296
http://www.wikidata.org/entity/Q16642822,http://www.wikidata.org/entity/Q16335296
http://www.wikidata.org/entity/Q16856196,http://www.wikidata.org/entity/Q16335296
http://www.wikidata.org/entity/Q16866989,http://www.wikidata.org/entity/Q16335296
http://www.wikidata.org/entity/Q16930856,http://www.wikidata.org/entity/Q16335296
http://www.wikidata.org/entity/Q16947657,http://www.wikidata.org/entity/Q16335296
http://www.wikidata.org/entity/Q17001813,http://www.wikidata.org/entity/Q16335296
http://www.wikidata.org/entity/Q17219433,http://www.wikidata.org/entity/Q16335296
http://www.wikidata.org/entity/Q17270036,http://www.wikidata.org/entity/Q16335296
http://www.wikidata.org/entity/Q17300794,http://www.wikidata.org/entity/Q16335296
http://www.wikidata.org/entity/Q17300795,http://www.wikidata.org/entity/Q16335296
http://www.wikidata.org/entity/Q17301697,http://www.wikidata.org/entity/Q16335296
http://www.wikidata.org/entity/Q17308168,http://www.wikidata.org/entity/Q16335296
http://www.wikidata.org/entity/Q17310497,http://www.wikidata.org/entity/Q16335296
http://www.wikidata.org/entity/Q17310617,http://www.wikidata.org/entity/Q16335296
http://www.wikidata.org/entity/Q17325815,http://www.wikidata.org/entity/Q16335296
http://www.wikidata.org/entity/Q17346959,http://www.wikidata.org/entity/Q16335296
http://www.wikidata.org/entity/Q17407943,http://www.wikidata.org/entity/Q16335296
http://www.wikidata.org/entity/Q17504948,http://www.wikidata.org/entity/Q16335296
http://www.wikidata.org/entity/Q17576701,http://www.wikidata.org/entity/Q16335296
http://www.wikidata.org/entity/Q17622897,http://www.wikidata.org/entity/Q16335296
http://www.wikidata.org/entity/Q18006525,http://www.wikidata.org/entity/Q16335296
http://www.wikidata.org/entity/Q18020970,http://www.wikidata.org/entity/Q16335296
http://www.wikidata.org/entity/Q18285588,http://www.wikidata.org/entity/Q16335296
http://www.wikidata.org/entity/Q18419139,http://www.wikidata.org/entity/Q16335296
http://www.wikidata.org/entity/Q19310872,http://www.wikidata.org/entity/Q16335296
http://www.wikidata.org/entity/Q19382119,http://www.wikidata.org/entity/Q16335296
http://www.wikidata.org/entity/Q19692583,http://www.wikidata.org/entity/Q16335296
http://www.wikidata.org/entity/Q19713409,http://www.wikidata.org/entity/Q16335296
http://www.wikidata.org/entity/Q19713622,http://www.wikidata.org/entity/Q16335296
http://www.wikidata.org/entity/Q19713790,http://www.wikidata.org/entity/Q16335296
http://www.wikidata.org/entity/Q19714681,http://www.wikidata.org/entity/Q16335296
http://www.wikidata.org/entity/Q19714810,http://www.wikidata.org/entity/Q16335296
http://www.wikidata.org/entity/Q19963292,http://www.wikidata.org/entity/Q16335296
http://www.wikidata.org/entity/Q20013310,http://www.wikidata.org/entity/Q16335296
http://www.wikidata.org/entity/Q20102626,http://www.wikidata.org/entity/Q16335296
http://www.wikidata.org/entity/Q20102863,http://www.wikidata.org/entity/Q16335296
http://www.wikidata.org/entity/Q20104815,http://www.wikidata.org/entity/Q16335296
http://www.wikidata.org/entity/Q20105883,http://www.wikidata.org/entity/Q16335296
http://www.wikidata.org/entity/Q20181783,http://www.wikidata.org/entity/Q16335296
http://www.wikidata.org/entity/Q20825932,http://www.wikidata.org/entity/Q16335296
http://www.wikidata.org/entity/Q20919297,http://www.wikidata.org/entity/Q16335296
http://www.wikidata.org/entity/Q20992478,http://www.wikidata.org/entity/Q16335296
http://www.wikidata.org/entity/Q21004028,http://www.wikidata.org/entity/Q16335296
http://www.wikidata.org/entity/Q21095820,http://www.wikidata.org/entity/Q16335296
http://www.wikidata.org/entity/Q21095821,http://www.wikidata.org/entity/Q16335296
http://www.wikidata.org/entity/Q21850068,http://www.wikidata.org/entity/Q16335296
http://www.wikidata.org/entity/Q22675144,http://www.wikidata.org/entity/Q16335296
http://www.wikidata.org/entity/Q22948754,http://www.wikidata.org/entity/Q16335296
http://www.wikidata.org/entity/Q22949246,http://www.wikidata.org/entity/Q16335296
http://www.wikidata.org/entity/Q23786372,http://www.wikidata.org/entity/Q16335296
http://www.wikidata.org/entity/Q24943118,http://www.wikidata.org/entity/Q16335296
http://www.wikidata.org/entity/Q25277824,http://www.wikidata.org/entity/Q16335296
http://www.wikidata.org/entity/Q25378645,http://www.wikidata.org/entity/Q16335296
http://www.wikidata.org/entity/Q25378809,http://www.wikidata.org/entity/Q16335296
http://www.wikidata.org/entity/Q25380776,http://www.wikidata.org/entity/Q16335296
http://www.wikidata.org/entity/Q25386866,http://www.wikidata.org/entity/Q16335296
http://www.wikidata.org/entity/Q25387923,http://www.wikidata.org/entity/Q16335296
http://www.wikidata.org/entity/Q26329700,http://www.wikidata.org/entity/Q16335296
http://www.wikidata.org/entity/Q28110448,http://www.wikidata.org/entity/Q16335296
http://www.wikidata.org/entity/Q28496732,http://www.wikidata.org/entity/Q16335296
http://www.wikidata.org/entity/Q28746108,http://www.wikidata.org/entity/Q16335296
http://www.wikidata.org/entity/Q30666392,http://www.wikidata.org/entity/Q16335296
http://www.wikidata.org/entity/Q30904355,http://www.wikidata.org/entity/Q16335296
http://www.wikidata.org/entity/Q40637441,http://www.wikidata.org/entity/Q16335296
http://www.wikidata.org/entity/Q48815943,http://www.wikidata.org/entity/Q16335296
http://www.wikidata.org/entity/Q53475186,http://www.wikidata.org/entity/Q16335296
http://www.wikidata.org/entity/Q53475765,http://www.wikidata.org/entity/Q16335296
http://www.wikidata.org/entity/Q53479738,http://www.wikidata.org/entity/Q16335296
http://www.wikidata.org/entity/Q53480450,http://www.wikidata.org/entity/Q16335296
http://www.wikidata.org/entity/Q53480897,http://www.wikidata.org/entity/Q16335296
http://www.wikidata.org/entity/Q53481279,http://www.wikidata.org/entity/Q16335296
http://www.wikidata.org/entity/Q54370850,http://www.wikidata.org/entity/Q16335296
http://www.wikidata.org/entity/Q54371380,http://www.wikidata.org/entity/Q16335296
http://www.wikidata.org/entity/Q55713529,http://www.wikidata.org/entity/Q16335296
http://www.wikidata.org/entity/Q55713589,http://www.wikidata.org/entity/Q16335296
http://www.wikidata.org/entity/Q56296363,http://www.wikidata.org/entity/Q16335296
http://www.wikidata.org/entity/Q56871036,http://www.wikidata.org/entity/Q16335296
http://www.wikidata.org/entity/Q58191815,http://www.wikidata.org/entity/Q16335296
http://www.wikidata.org/entity/Q58487031,http://www.wikidata.org/entity/Q16335296
http://www.wikidata.org/entity/Q59922524,http://www.wikidata.org/entity/Q16335296
http://www.wikidata.org/entity/Q61051536,http://www.wikidata.org/entity/Q16335296
http://www.wikidata.org/entity/Q61155183,http://www.wikidata.org/entity/Q16335296
http://www.wikidata.org/entity/Q61996069,http://www.wikidata.org/entity/Q16335296
http://www.wikidata.org/entity/Q63186134,http://www.wikidata.org/entity/Q16335296
http://www.wikidata.org/entity/Q65248378,http://www.wikidata.org/entity/Q16335296
http://www.wikidata.org/entity/Q66034614,http://www.wikidata.org/entity/Q16335296
http://www.wikidata.org/entity/Q66132353,http://www.wikidata.org/entity/Q16335296
http://www.wikidata.org/entity/Q67383328,http://www.wikidata.org/entity/Q16335296
http://www.wikidata.org/entity/Q72813999,http://www.wikidata.org/entity/Q16335296
http://www.wikidata.org/entity/Q76546789,http://www.wikidata.org/entity/Q16335296
http://www.wikidata.org/entity/Q90879952,http://www.wikidata.org/entity/Q16335296
http://www.wikidata.org/entity/Q93481516,http://www.wikidata.org/entity/Q16335296
http://www.wikidata.org/entity/Q95369286,http://www.wikidata.org/entity/Q16335296
http://www.wikidata.org/entity/Q96052560,http://www.wikidata.org/entity/Q16335296
http://www.wikidata.org/entity/Q97194760,http://www.wikidata.org/entity/Q16335296
http://www.wikidata.org/entity/Q97218128,http://www.wikidata.org/entity/Q16335296
http://www.wikidata.org/entity/Q97789791,http://www.wikidata.org/entity/Q16335296
http://www.wikidata.org/entity/Q98218965,http://www.wikidata.org/entity/Q16335296
http://www.wikidata.org/entity/Q98220907,http://www.wikidata.org/entity/Q16335296
http://www.wikidata.org/entity/Q98220958,http://www.wikidata.org/entity/Q16335296
http://www.wikidata.org/entity/Q98290650,http://www.wikidata.org/entity/Q16335296
http://www.wikidata.org/entity/Q98311693,http://www.wikidata.org/entity/Q16335296
http://www.wikidata.org/entity/Q98716425,http://www.wikidata.org/entity/Q16335296
http://www.wikidata.org/entity/Q98908495,http://www.wikidata.org/entity/Q16335296
http://www.wikidata.org/entity/Q99659079,http://www.wikidata.org/entity/Q16335296
http://www.wikidata.org/entity/Q101244402,http://www.wikidata.org/entity/Q16335296
http://www.wikidata.org/entity/Q102382810,http://www.wikidata.org/entity/Q16335296
http://www.wikidata.org/entity/Q104452162,http://www.wikidata.org/entity/Q16335296
http://www.wikidata.org/entity/Q104758896,http://www.wikidata.org/entity/Q16335296
http://www.wikidata.org/entity/Q104806117,http://www.wikidata.org/entity/Q16335296
http://www.wikidata.org/entity/Q105652644,http://www.wikidata.org/entity/Q16335296
http://www.wikidata.org/entity/Q105653191,http://www.wikidata.org/entity/Q16335296
http://www.wikidata.org/entity/Q105686672,http://www.wikidata.org/entity/Q16335296
http://www.wikidata.org/entity/Q107024790,http://www.wikidata.org/entity/Q16335296
http://www.wikidata.org/entity/Q107974983,http://www.wikidata.org/entity/Q16335296
http://www.wikidata.org/entity/Q108315050,http://www.wikidata.org/entity/Q16335296
http://www.wikidata.org/entity/Q109038120,http://www.wikidata.org/entity/Q16335296
http://www.wikidata.org/entity/Q109041843,http://www.wikidata.org/entity/Q16335296
http://www.wikidata.org/entity/Q109460471,http://www.wikidata.org/entity/Q16335296
http://www.wikidata.org/entity/Q109473334,http://www.wikidata.org/entity/Q16335296
http://www.wikidata.org/entity/Q109752757,http://www.wikidata.org/entity/Q16335296
http://www.wikidata.org/entity/Q109828300,http://www.wikidata.org/entity/Q16335296
http://www.wikidata.org/entity/Q109936679,http://www.wikidata.org/entity/Q16335296
http://www.wikidata.org/entity/Q109969330,http://www.wikidata.org/entity/Q16335296
http://www.wikidata.org/entity/Q110008120,http://www.wikidata.org/entity/Q16335296
http://www.wikidata.org/entity/Q110027240,http://www.wikidata.org/entity/Q16335296
http://www.wikidata.org/entity/Q110067735,http://www.wikidata.org/entity/Q16335296
http://www.wikidata.org/entity/Q110074434,http://www.wikidata.org/entity/Q16335296
http://www.wikidata.org/entity/Q110150774,http://www.wikidata.org/entity/Q16335296
http://www.wikidata.org/entity/Q110155757,http://www.wikidata.org/entity/Q16335296
http://www.wikidata.org/entity/Q110161886,http://www.wikidata.org/entity/Q16335296
http://www.wikidata.org/entity/Q110627493,http://www.wikidata.org/entity/Q16335296
http://www.wikidata.org/entity/Q110648073,http://www.wikidata.org/entity/Q16335296
http://www.wikidata.org/entity/Q111433100,http://www.wikidata.org/entity/Q16335296
http://www.wikidata.org/entity/Q111590782,http://www.wikidata.org/entity/Q16335296
http://www.wikidata.org/entity/Q111749573,http://www.wikidata.org/entity/Q16335296
http://www.wikidata.org/entity/Q113553552,http://www.wikidata.org/entity/Q16335296
http://www.wikidata.org/entity/Q113570992,http://www.wikidata.org/entity/Q16335296
http://www.wikidata.org/entity/Q113628861,http://www.wikidata.org/entity/Q16335296
http://www.wikidata.org/entity/Q114010660,http://www.wikidata.org/entity/Q16335296
http://www.wikidata.org/entity/Q115043043,http://www.wikidata.org/entity/Q16335296
http://www.wikidata.org/entity/Q115679107,http://www.wikidata.org/entity/Q16335296
http://www.wikidata.org/entity/Q115679108,http://www.wikidata.org/entity/Q16335296
http://www.wikidata.org/entity/Q115902570,http://www.wikidata.org/entity/Q16335296
http://www.wikidata.org/entity/Q115917234,http://www.wikidata.org/entity/Q16335296
http://www.wikidata.org/entity/Q115942931,http://www.wikidata.org/entity/Q16335296
http://www.wikidata.org/entity/Q116731323,http://www.wikidata.org/entity/Q16335296
http://www.wikidata.org/entity/Q117403413,http://www.wikidata.org/entity/Q16335296
http://www.wikidata.org/entity/Q117404212,http://www.wikidata.org/entity/Q16335296
http://www.wikidata.org/entity/Q117455229,http://www.wikidata.org/entity/Q16335296
http://www.wikidata.org/entity/Q118129011,http://www.wikidata.org/entity/Q16335296
http://www.wikidata.org/entity/Q119141764,http://www.wikidata.org/entity/Q16335296
http://www.wikidata.org/entity/Q120634023,http://www.wikidata.org/entity/Q16335296
http://www.wikidata.org/entity/Q120670156,http://www.wikidata.org/entity/Q16335296
http://www.wikidata.org/entity/Q121096698,http://www.wikidata.org/entity/Q16335296
http://www.wikidata.org/entity/Q121096710,http://www.wikidata.org/entity/Q16335296
http://www.wikidata.org/entity/Q121232974,http://www.wikidata.org/entity/Q16335296
http://www.wikidata.org/entity/Q121316112,http://www.wikidata.org/entity/Q16335296
http://www.wikidata.org/entity/Q121698843,http://www.wikidata.org/entity/Q16335296
http://www.wikidata.org/entity/Q629608,http://www.wikidata.org/entity/Q22116852
http://www.wikidata.org/entity/Q1587978,http://www.wikidata.org/entity/Q22116852
http://www.wikidata.org/entity/Q3543660,http://www.wikidata.org/entity/Q22116852
http://www.wikidata.org/entity/Q15975478,http://www.wikidata.org/entity/Q22116852
http://www.wikidata.org/entity/Q17573118,http://www.wikidata.org/entity/Q22116852
http://www.wikidata.org/entity/Q18394147,http://www.wikidata.org/entity/Q22116852
http://www.wikidata.org/entity/Q19831149,http://www.wikidata.org/entity/Q22116852
http://www.wikidata.org/entity/Q28130070,http://www.wikidata.org/entity/Q22116852
http://www.wikidata.org/entity/Q96377652,http://www.wikidata.org/entity/Q22116852
http://www.wikidata.org/entity/Q113552121,http://www.wikidata.org/entity/Q22116852
http://www.wikidata.org/entity/Q113996278,http://www.wikidata.org/entity/Q22116852
