term,source_1,source_2,source_3,wm
medicijnman,"['religie', 'sjamanisme']",[],"['dokter bij natuurvolken', 'medicijnman']","['Deze term wordt gebruikt voor de traditionele of spirituele healers onder inheemse volken over de hele wereld. Deze personen zijn deskundig op het gebied van natuurlijke middelen en hun helende krachten. Traditionele healers zijn zeer gerespecteerde leden in hun gemeenschap. Zij worden geraadpleegd wanneer individuen fysiek of mentaal ziek zijn, maar ook om sociale, culturele of milieukwesties binnen de gemeenschap te genezen. De medicijnman is vertegenwoordigd in talloze films, romans en andere populaire media, vaak op een sensationele en erotiserende manier. Dergelijke voorstellingen ontkennen de complexiteit van de kennis die geassocieerd wordt met healing, net als de belangrijke rol die traditionele healers spelen in veel samenlevingen. In de afgelopen decennia zijn velen de term als pejoratief gaan beschouwen.']"
etnische groep,"['etnische groep', 'classificatiesysteem', 'bevolkingsgroep', 'persoonsgegevens']","['etnische groep', ""Subgroepen binnen een grotere culturele of sociale groep die zich onderscheiden van de meerderheid en van elkaar door hun nationale, religieuze, taalkundige, culturele of soms raciale achtergronden. Gebruik 'minderheden' voor groepen die het doelwit zijn van vooroordelen of discriminatie door de meerderheid."", 'etnische groepen']",[],"['‘Etniciteit’ verwijst naar de gedeelde sociale, culturele of historische ervaringen en praktijken van een groep mensen, bijvoorbeeld taal, religie of kleding, en meestal een nationale of regionale achtergrond. Mensen die deze kenmerken met elkaar delen, worden gezamenlijk omschreven als ‘etnische groep’. Hoewel dit een neutrale categorie lijkt te zijn, wordt het vaak gebruikt voor iemand of iets dat afwijkt van de norm of buitenlands is. Denk bijvoorbeeld aan ‘etnisch eten’ of ‘etnische muziek’. Wanneer het over mensen gaat, wordt de term normaal gesproken geassocieerd met minderheidsgroepen. Iedereen heeft echter een etnische identiteit. Etniciteit wordt soms verward met ras en door velen ten onrechte gebruikt als een alternatieve term, waar de verwijzing naar biologische verschillen omzeild wordt (zie: Ras).']"
birma,"['Myanmar', 'land', 'soevereine staat']",[],"['land in Azië', 'Birma']","['‘Bombay’ is het koloniale toponiem – de (nieuwe) naamgeving van geografische plaatsen door koloniale heersers – van de Indiase stad Mumbai. De term werd voor het eerst gebruikt in de 16de eeuw. Het hernoemen van plaatsen komt vaak voor, zowel vroeger als nu, en vaak vanwege politieke veranderingen. Zowel onder kolonialisme als tijdens dekolonisatie, maar ook nu nog, is dit een belangrijke ideologie. Koloniale overheersers noemden steden en andere plaatsen naar belangrijke figuren of plekken uit eigen land. Het hernoemen van plekken – dan wel door nieuwe namen te geven dan wel oude namen in ere te herstellen – is een belangrijk symbool voor nieuwe naties. De naam uit het koloniale tijdperk kan voor sommige inwoners beledigend zijn, omdat het een pijnlijke herinnering is aan het kolonialisme. Ook toen Mumbai onafhankelijk was geworden, bleef men het nog lang Bombay noemen. Calcutta (nu Kolkata) en Chennai (Madras) zijn vergelijkbare voorbeelden van koloniale toponiemen die verengelst werden tijdens de koloniale periode. Andere koloniale toponiemen zijn onder meer: Jakarta (Batavia), Myanmar (Birma) en Zimbabwe (Zuid\xad-Rhodesië).']"
moor,"['Moren', 'etnische groep']",[],"['zwarte', 'negerin', 'iemand met een donkere huidskleur', 'De Moren veroverden Corsica in de negende eeuw.', 'roetmop', 'nikker', 'vrouw met donkere huidskleur', 'neger', 'Noordafrikaanse moslim', 'iemand met donkere huidskleur', 'duivel', 'moor', 'Moor', 'neger of vies persoon']","['‘Moor’ is een controversiële term waarvan de betekenis in de loop van de tijd is veranderd. Hoewel de term is gebruikt voor verschillende groepen mensen wordt het over het algemeen begrepen als een beschrijving van Moslims van Arabische en Amazigh\xad-afkomst uit Noord\xad-Afrika en Zuid\xad-Europa. Tegelijkertijd wordt gezegd dat de term is afgeleid van een Griekse term, die zwart of verkoold betekent en die sinds de oudheid in Europa wordt gebruikt om Zwarte mensen uit Afrika te beschrijven. In Nederland, evenals elders, wordt de term gebruikt als een denigrerende term voor moslims uit Noord\xad-Afrika of voor Zwarte mensen.']"
afkomst,"['komaf', 'groep levenden', 'verwantschap', 'organisatie']",[],"['kraamkamer', 'geografische of etnische oorsprong', 'descendentie', 'herkomst', 'wieg', 'afkomst', 'plaats waar iets is ontstaan', 'haard', 'ze is van Russische afkomst', 'komaf', 'ontstaansplek van iets', 'van een (bepaalde) afkomst [zijn]', 'geboorte', 'oorsprong', 'ik ben wie ik ben en ik kan mijn afkomst niet verloochenen', 'bakermat', 'plaats waar iets of iemand vandaan komt', 'afstamming', 'dit woord is van Grieks-Latijnse afkomst', 'begin, startpunt', 'origine']","[""‘Afkomst' is op zich geen controversiële term, maar de term wordt vaak gebruikt om aan iemand te vragen waar hij of zij geboren is. Omdat de vraag vaak gesteld wordt aan mensen waarvan op basis van hun uiterlijk aangenomen wordt dat zij ergens anders vandaan komen dan uit Nederland, kan de term in deze context wel als gevoelig ervaren worden (zie bijvoorbeeld ook Roots en Allochtoon en artikel Simone Zeefuik en Wayne Modest).""]"
kaffer,['Kaffer'],[],"['bantoeneger', 'kaffer']","['De term ‘kaffer’ komt van het Arabische ‘kafir’, dat iemand zonder religie betekent. In Zuid\xad-Afrika werd de term in de 16de eeuw gebruikt om Zwarte mensen te omschrijven die geen moslim waren en later als verwijzing naar mensen in Zuid\xad-Afrika die Bantoetalen spraken, voornamelijk tijdens de veroveringsoorlogen van de Oost\xad-Kaap. In de Afrikaanse en Engelse taal werd het al snel een label voor Zwarte mensen van Afrikaanse afkomst in het algemeen. De term kreeg zijn denigrerende connotatie tijdens de apartheid en wordt tegenwoordig beschouwd als haatzaaiende taal. De uitzondering is een groep mensen in Sri Lanka, die afstammen van Portugese handelaren (of meer algemeen: Europeanen) en tot slaaf gemaakte Bantoevolken.']"
indisch,"['historisch land', 'kolonie', 'Nederlands-Indië']","['Nederlands-Indonesisch', 'Nederlands-Indisch', 'Stijlen en cultuur die behoren tot koloniale periode in toenmalig Nederlands-Indië, nu Indonesië.']",[],"['De term ‘Indisch’ is in de loop van de tijd van betekenis veranderd. Hoewel de term niet altijd gevoelig is, is er vaak verwarring over het gebruik. In de 19de eeuw verwees de term naar alles wat Indonesisch was, zoals Indische huizen, Indische dansen en de Indische bevolking. In de 20ste eeuw begon het te verwijzen naar Indo\xad-Europese mensen en culturen (zie: Indo) en soms naar Europeanen die lang in Indonesië woonden. Aan het einde van de vorige eeuw werd deze betekenis echter door sommige mensen als te etnisch beschouwd en verworpen. Vandaag de dag verwijst het woord ‘Indisch’ naar alles wat uit de koloniale periode in het voormalige Nederlands\xad-Indië komt. Indisch wordt vaak verward met Indonesisch (eten, etniciteit en cultuur) vanwege het gebruik van de term in de 19de eeuw.']"
bediende,"['huishoudelijke hulp', 'beroep', 'dienstmeid']","['bediende', 'bedienden', 'dienaren', 'In algemene zin, personen die in dienst van particulieren persoonlijke of huishoudelijke werkzaamheden uitvoeren.']","['een bediende in livrei', 'hulpje', 'hulp', 'bediende', 'huisbediende']","[""‘Bediende’, ‘page’, ‘knecht’ en ‘baboe’ zijn termen die vaak voorkomen in museumdatabases, en dan met name in de beschrijvingen van schilderijen en foto’s. Deze verwante termen beschrijven een persoon die in andermans huishouden werkzaam is om huishoudelijke taken te verrichten, zoals koken en schoonmaken, of ter assistentie. De termen veronderstellen op zich geen grove uitbuiting ofschoon zij een hiërarchische relatie op basis van klasse en macht beschrijven die soms gekenmerkt wordt door uitbuiting. De veelvoudige en complexe relaties die bedienden kunnen hebben met hun meesters maken het niet makkelijk, zelfs riskant, om een oordeel te vellen over de rol van de bediende of de omstandigheden waaronder deze leefde. De term ‘page' beschrijft een jonge, mannelijke bediende die voor een edelman werkt, of – wanneer het de Renaissance betreft \xad als bediende voor modieuze dames en heren. Vandaag de dag wordt het in sommige kringen als vernederend of beledigend beschouwd om te verwijzen naar iemand als bediende of page. De term noemen in de beschrijving van historische schilderijen of foto’s kan in sommige gevallen echter wel worden aangeraden""]"
gay,"['seksuele minderheid', 'homoseksualiteit', 'gay', 'seksuele geaardheid', 'LGBTI']",[],"['holtor', 'homo', 'homoseksuele', 'sodemiet', 'homoseksueel persoon', 'homofiel persoon', 'mietje', 'flikker', 'homoseksueel', 'homofiel', 'gay', 'geïnverteerde', 'bruinwerker', 'nicht', 'poot', 'sodemieter', 'reetkever']","['‘Gay’ is een veelgebruikte term om te verwijzen naar niet\xadheteroseksuele seksualiteit, vooral mannen. ‘Gay’ heeft de voorkeur boven de algemene medische en juridische term ‘homoseksueel’ (zie: Homo). Hoewel ‘gay’ in het Nederlands door mensen wordt gebruikt om zichzelf te beschrijven, wordt de term in de dagelijkse context vaak door anderen gebruikt met een negatieve bedoeling. Ook ‘homo’ wordt gebruikt als een scheldwoord.']"
koppensneller,[],[],['koppensneller'],"['Historisch gezien werd de term gebruikt om iemand te omschrijven die deelneemt aan de rituele praktijk van het verkrijgen van trofee\xad-hoofden, bijvoorbeeld in tijden van oorlog. Dit ritueel werd op veel plaatsen en door vele volken over de hele wereld (inclusief Europeanen) uitgevoerd. In Nederland werd de term voor het eerst gebruikt in de 19de eeuw. Koppensnellen is al lang aanwezig in de populaire cultuur, bijvoorbeeld in boeken en films. Vaak om hiermee de indruk te wekken van primitieve, wilde, wrede en bloed\xad-dorstige volken uit de jungle. Dit geeft echter een verkeerde voorstelling van de significante rituele rol  die  koppensnellen had voor het goed functioneren van de samenlevingen die deze praktijken uitvoerden. Het gebruik van termen als deze versterkt het idee dat bepaalde mensen in wezen onveranderlijk en ‘primitief’ zijn.']"
inheems,"['minderheid', 'etnische groep', 'inheemse bevolking', 'bevolkingsgroep', 'volk']",[],[],"['‘Inheems’ werd oorspronkelijk gebruikt als beschrijving van flora en fauna. In de laatste paar decennia is de term echter steeds meer verworden tot een juridische categorie die verwijst naar verschillende door Europa gekoloniseerde volken. De term zelf beschrijft een bepaalde groep mensen die de oorspronkelijke bewoners zijn van een bepaalde plek en daar lange tradities hebben ontwikkeld. Tijdens diverse koloniale projecten werd hun land ontnomen, wat vaak leidde tot (culturele) genocide. De term ‘inheems’ is een geëmancipeerde term, deels dankzij de Verklaring over de Rechten van Inheemse Volkeren door de VN in 2007. ‘Inheems’ heeft onder meer betrekking op die mensen die gezien worden als ‘Aboriginals’, ‘First Nations’ en ‘Indianen’.']"
pygmee,"['etnische groep', 'Pygmeeën']","['Pygmee', 'Te gebruiken om werken te beschrijven van bepaalde Afrikaanse volkeren die leven in Kameroen, Equatoriaal-Guinea, de Democratische Republiek Congo, Congo, de Centraal-Afrikaanse Republiek, Rwanda en Burundi. De term Pygmee heeft soms een negatieve bijklank. Waar mogelijk verdient het gebruik van de specifieke naam van een subgroep de voorkeur.']","['pygmee', 'lid v.e. dwergvolk']","['‘Pygmee’ wordt in de antropologie gebruikt voor verschillende (etnische) groepen uit met name (Equatoriaal) Afrika en Azië (o.a. Nieuw\xad-Guinea), waarvan de volwassen mannen beschouwd worden als ongewoon klein. Deze verwijzing naar uiterlijke kenmerken, maar ook het feit dat de term gebruikt wordt als kritiek op iemands intellectuele capaciteiten, maakt dat sommigen de term als een belediging zien. Tegelijkertijd hebben sommige inheemse volken de term juist opnieuw opgeëist als neutraal en niet\xad-problematisch. Dit is bijvoorbeeld het geval in de Democratische Republiek Congo.', ""Dwerggroei (Achondroplasie) is een medische of genetische aandoening van kleine mensen. Als de term ‘dwerg' niet binnen de medische context wordt gebruikt, wordt het als een belediging opgevat. De term ‘dwerg’ wordt in het Nederlands gebruikt sinds de 14de eeuw. Toen had het de connotatie van monsterlijk. Satirische verbeeldingen van kleine mensen komen vaak voor in (de geschiedenis van) Europese kunst, literatuur en film. In 19de en vroeg 20ste\xadeeuwse koloniale tentoonstellingen, freak shows en circussen werden mensen met dwerggroei gezien als abnormaal ‘anders’, in sommige opzichten vergelijkbaar met de raciale verbeelding van gekoloniseerde mensen. Vergelijkbare beledigende termen zijn ‘lilliputter’ en ‘pygmee’""]"
islamiet,"['religieuze identiteit', 'moslim']",[],"['islamiet', 'aanhanger v.d. islam']","[""Alhoewel ‘islamiet’ inhoudelijk geen onjuiste term is – het betekent namelijk de aanhangers van de islam – geven de meeste moslims de voorkeur aan de benaming ‘moslim’ omdat dit het dichtst bij de Arabische terminologie staat. In het Nederlands wordt ‘islamiet’ bovendien vaak in een negatieve context gebruikt, terwijl dat bij ‘moslim’ in mindere mate het geval is. De term wordt vaak verward met ‘islamist', welke niet als beledigend wordt ervaren. Een islamist is iemand die zich houdt aan het islamisme, een modernistische islamitische beweging.""]"
homo,"['homoseksuele man', 'seksuele geaardheid', 'mannelijke mens']",[],"['homo', 'geïnverteerde', 'sodemiet', 'homoseksueel persoon', ""homo's en lesbo's"", 'flikker', 'sodemieter', 'reetkever', ""de wet staat nog geen huwelijken toe tussen homo's"", 'homofiel persoon', 'mietje', 'gay', 'nicht', 'holtor', 'homoseksuele', 'homoseksueel', ""de president wil een einde maken aan het weren van homo's uit het leger"", 'bruinwerker', 'homofiel', 'poot']","[""‘Homoseksueel’ is een medische en juridische term waarmee verwezen wordt naar niet\xad-heteroseksuele seksualiteit. De term als zodanig werd halverwege de 19de eeuw uitgevonden als een abnormale identiteitscategorie om mensen te onderscheiden die seksuele handelingen verrichtten met iemand van hetzelfde geslacht. Homoseksualiteit is, en wordt nog steeds op verschillende plaatsen in de wereld beschouwd als zondig, crimineel of een geestesziekte. De term wordt soms geringschattend of als scheldwoord gebruikt, en dan vooral in de afkorting ‘homo'."", '‘Gay’ is een veelgebruikte term om te verwijzen naar niet\xadheteroseksuele seksualiteit, vooral mannen. ‘Gay’ heeft de voorkeur boven de algemene medische en juridische term ‘homoseksueel’ (zie: Homo). Hoewel ‘gay’ in het Nederlands door mensen wordt gebruikt om zichzelf te beschrijven, wordt de term in de dagelijkse context vaak door anderen gebruikt met een negatieve bedoeling. Ook ‘homo’ wordt gebruikt als een scheldwoord.']"
halfbloed,[],[],"['persoon van gemengde afkomst', 'kind van verschillende rassen', 'halfbloed', 'kleurling']","[""De term ‘halfbloed’ is net als 'volbloed' ontstaan in samenhang met de 18de\xad- en 19de\xad-eeuwse ideeën over rassenverschillen. Dit waren  de hoogtijdagen van de raciale wetenschappen, die gebaseerd waren op het idee van het bestaan van biologische verschillen tussen rassen (zie: Ras). Bloed, zo dacht men toen, was de drager van hiërarchische eigenschappen, waarbij het ene soort bloed superieur was aan andere soorten. De term wordt meestal gebruikt voor mensen met een gemengde afkomst, namelijk wit en Europees, en niet\xad-wit. De term is vergelijkbaar met andere termen (uit deze lijst), zoals ‘mulat’ en ‘mesties’.""]"
mulat,"['mens', 'Mulat']",[],"['kind van één blanke en één zwarte ouder', 'mulat']","[""De term ‘halfbloed’ is net als 'volbloed' ontstaan in samenhang met de 18de\xad- en 19de\xad-eeuwse ideeën over rassenverschillen. Dit waren  de hoogtijdagen van de raciale wetenschappen, die gebaseerd waren op het idee van het bestaan van biologische verschillen tussen rassen (zie: Ras). Bloed, zo dacht men toen, was de drager van hiërarchische eigenschappen, waarbij het ene soort bloed superieur was aan andere soorten. De term wordt meestal gebruikt voor mensen met een gemengde afkomst, namelijk wit en Europees, en niet\xad-wit. De term is vergelijkbaar met andere termen (uit deze lijst), zoals ‘mulat’ en ‘mesties’."", ""Sinds de 17de eeuw verwijst ‘mulat’ naar de eerste generatie nakomelingen van een niet\xad-witte persoon en een witte persoon. De term is afgeleid van het Latijnse woord ‘mulus’ (muilezel), dat het hybride nageslacht van een paard en een ezel is. Net als de raciale wetenschappen waaruit de term voortkwam, suggereert ‘mulat' een fundamenteel verschil tussen twee menselijke soorten. Dit resulteert, net als bij de muilezel, in een abnormaal nageslacht waarvan verondersteld wordt dat het onvruchtbaar is. Er werd gedacht dat mulatten de ‘verschrikkingen’ van vermenging vertegen\xad woordigden (zie: Halfbloed), maar vanwege hun zogenaamd witte bloed vond men dat ze intelligenter waren - \xaden vaak aantrekkelijker \xad- dan Zwarte mensen. Tegenwoordig komen dergelijke ideeën nog steeds op subtiele manier terug in het dagelijks taalgebruik.""]"
gehandicapte,"['persoon', 'gehandicapte']","['invaliden', 'gehandicapte', 'gehandicapten', 'Zij die gebukt gaan onder een lichamelijke of geestelijke belemmering die hen kan beperken in hun mogelijkheden om te voldoen aan de eisen van het dagelijks leven.']","['lichamelijk/geestelijk gehandicapte', 'de integratie van gehandicapten', '[zwaar/licht] gehandicapten', 'gehandicapte', 'iemand met een handicap', 'voorzieningen voor gehandicapten', 'een instelling voor geestelijk gehandicapten']","[""‘Handicap’ is een overkoepelende term om verschillende vormen van geestelijke of lichamelijke beperkingen te beschrijven. In de afgelopen jaren is de term vooral in West\xad-Europa en de Verenigde Staten steeds meer vervangen door ‘beperking’. Aan het begin van de twintigste eeuw werd de term ‘handicap' gebruikt om iemands ‘gebrek’ of onvermogen om ‘normaal’ te functioneren aan te duiden. Vanaf de jaren zeventig werden dit concept en daaraan gerelateerde woorden steeds meer bekritiseerd. Activisten voerden aan dat een beperking geen individueel probleem was dat moest worden verholpen, maar dat het de samenleving was die het leven met een beperking tot een probleem maakte. Mensen wilden niet langer aangesproken worden als ‘gehandicapten', maar als ‘mensen met een beperking’.""]"
blank,[],[],[],"['In Nederland wordt ‘blank’ vaak in plaats van ‘wit’ gebruikt (zie: Wit). De term wordt gebruikt als identiteitscategorie en deelt zijn genealogie met andere termen, zoals bijvoorbeeld Zwart (afkomstig uit het Latijn). De term komt voort uit de raciale wetenschappen in de 18de en 19de eeuw. Van Dale definieert ‘blank’ onder andere als “niet bevlekt” en “niet gekleurd” (zie: Wit, Zwart en Mensen van kleur). De associatie met zulke ‘neutrale’ en zelfs positieve connotaties van het woord heeft tot kritiek geleid van de antiracisme\xadbeweging, die er voor pleit om de term te vervangen door de term ‘wit’.', '‘Wit’ is lange tijd gebruikt om een raciale identiteit te beschrijven op basis van huidskleur, meestal voor bepaalde groepen Europeanen en hun emigrantenpopulatie over de hele wereld. De term wordt geassocieerd met de raciale wetenschappen in de 18de en 19de eeuw. ‘Wit’ is een ideologische categorie die onder meer geassocieerd wordt met Europa’s imperiale expansie. De term heeft de connotatie gekregen van vooruitgang, verfijning en ontwikkeld. Sinds het einde van de 20ste eeuw is er echter aanhoudende kritiek op deze sociale constructie van wit\xad-zijn als norm. Men verzet zich tegen ‘wit’ als identiteitscategorie, die ontstaan is als een rechtvaardiging en bekrachtiging van het discrimineren van niet\xadwitte mensen. In Nederland is er naast de toenemende kritiek op wit\xadzijn discussie over de vraag of men het woord ‘wit’ of ‘blank’ (zie: Blank) moet gebruiken.']"
dwerg,"['mens', 'dwerg']","['dwerg', 'Personen die uitzonderlijk klein van gestalte zijn.', 'dwergen']","['in de groei belemmerd persoon', 'mini-', 'dwerg-', 'dwerg', 'lilliputter', 'iemand met zeer korte armen en benen']","[""Dwerggroei (Achondroplasie) is een medische of genetische aandoening van kleine mensen. Als de term ‘dwerg' niet binnen de medische context wordt gebruikt, wordt het als een belediging opgevat. De term ‘dwerg’ wordt in het Nederlands gebruikt sinds de 14de eeuw. Toen had het de connotatie van monsterlijk. Satirische verbeeldingen van kleine mensen komen vaak voor in (de geschiedenis van) Europese kunst, literatuur en film. In 19de en vroeg 20ste\xadeeuwse koloniale tentoonstellingen, freak shows en circussen werden mensen met dwerggroei gezien als abnormaal ‘anders’, in sommige opzichten vergelijkbaar met de raciale verbeelding van gekoloniseerde mensen. Vergelijkbare beledigende termen zijn ‘lilliputter’ en ‘pygmee’""]"
tweede wereld,"['groep', 'tweede wereld']",[],[],"[""Hoewel de term ‘Derde Wereld’ nog steeds voorkomt in alledaags taalgebruik, wordt het beschouwd als een overblijfsel van de Koude Oorlogspolitiek. De wereld werd toen verdeeld in drie groepen op basis van politieke en economische oriëntaties of allianties. De term ‘Eerste Wereld’ beschrijft de Verenigde Staten en hun bond\xad genoten, waaronder Japan, Canada en landen in West\xadEuropa, terwijl landen die deel uitmaakten van het communistische blok, inclusief China, USSR, Cuba en landen in Oost\xadEuropa, de ‘Tweede Wereld’ vormden. ‘Derde Wereld’ werd voor het eerst gebruikt (in een artikel van Alfred Sauvy in 1952) om die landen te beschrijven die politiek georiënteerd waren op de Eerste noch de Tweede Wereld. De term werd ook een economische indeling, die werd gebruikt om te verwijzen naar de armste landen en regio's van de wereld. Dit omvatte landen in Azië, Afrika, Latijns\xadAmerika en het Caribisch gebied, waarvan er velen voorheen door Europa waren gekoloniseerd. Steeds meer mensen vinden dat de term niet langer geschikt is, omdat het geen nauwkeurige beschrijving is van de complexiteit van de wereld en omdat het een verdeling van de wereld suggereert in westerse superioriteit en niet\xadwesterse inferioriteit.""]"
gekleurd,[],[],[],"['‘Gekleurd’ is een controversiële term waarmee iemand (of een groep mensen) wordt beschreven met een gemengde afkomst: wit Europees enerzijds en niet\xad-wit anderzijds, bijvoorbeeld mensen van Afrikaanse of Aziatische afkomst. In sommige gevallen wordt de term gebruikt voor Zwarte mensen. ‘Gekleurd’ kent verschillende gebruiksgeschiedenissen en betekenissen over de wereld, maar wordt over het algemeen als beledigend beschouwd. In Zuid\xad-Afrika beschrijft de term bijvoorbeeld iemand van gemengde afkomst, waaronder Khoisan, Maleis en Wit. In de VS werd de term voorheen vooral gebruikt voor Zwarte mensen of de Zwarte gemeenschap, en is restrictiever dan de vergelijkbare term ‘iemand/mensen van kleur’. In Nederland wordt de term eveneens voor Zwarte mensen of mensen van gemengde afkomst gebruikt. Er bestaan verschillende aan elkaar verbonden varianten op de term, zoals ‘gekleurd’, ‘met een kleurtje’ of ‘met een donkerdere huidskleur’. Het gebruik hiervan grijpt terug op het raciale idee van witheid als norm, en de termen worden steeds meer beschouwd als ongepast en denigrerend. Steeds meer mensen omarmen de Amerikaanse identiteitscategorie ‘iemand/mensen van kleur’ (in het Engels afgekort tot POC). De categorie ‘Zwarte en niet\xad-Zwarte mensen van kleur’ wordt tegen\xadwoordig ook steeds vaker gebruikt om niet\xad-witte mensen te omschrijven. Hoewel de termen ‘Zwart’ en ‘mensen van kleur’ voor velen algemeen aanvaardbare termen blijven, is het beter om die termen te gebruiken die mensen zelf gebruiken en respectvol vinden.']"
ontdekken,[],[],"['vinden', 'ontdekken', 'opsporen', 'detecteren', 'na zoeken ontdekken']","['De term ‘ontdekken’ kan op een neutrale manier worden gebruikt, bijvoorbeeld in een zin zoals: ik heb ontdekt (ben erachter gekomen) hoe dit werkt. Wanneer het echter gebruikt wordt om te suggereren dat een plaats niet bestond, niet bekend was bij Europeanen of niet bewoond werd voorafgaand aan de aanwezigheid van Europeanen, is het echter allesbehalve neutraal. Bijvoorbeeld: “Bijna 40 jaar na de ontdekking van ‘Amerika’ in 1492 door Columbus, gaf dit kunstwerk een van de vroegste afbeeldingen weer van het nieuwe continent.” Een tekst als deze is pejoratief, omdat het impliceert dat er voorafgaand aan Columbus’ ‘ontdekking’ geen kunst, mensen noch samenlevingen bestonden op het continent.']"
kaukasisch,"['mens', 'Kaukasisch ras', 'menselijk ras']",['Kaukasisch'],[],"['‘Mongool’ is een ouderwetse en aanstootgevende term die wordt gebruikt als verwijzing naar een zogenaamd raciaal type enerzijds en mensen met de genetische conditie Downsyndroom anderzijds. De term in zijn raciale definitie kwam voort uit de 18de en 19de\xad-eeuwse studies naar raciale verschillen. Het Mongoloïde of Mongoolse ras werd als overkoepelende term gebruikt voor verschillende inheemse volken in Oost\xad-Azië, Zuidoost\xad-Azië en de Arctische regio’s in Noord\xad-Amerika. De term is ouderwets en wordt in sommige situaties beschouwd als beledigend, zoals dat ook het geval is met de andere zogenaamde rassencategorieën ‘Kaukasisch’ en ‘neger’ (zie: Kaukasisch en Neger). De term wordt ook gebruikt voor mensen met het Downsyndroom, omdat hun gelaatstrekken een gelijkenis zouden vertonen met die van mensen van het zogenaamde Mongoolse ras. Vandaag de dag wordt de term als scheldwoord gebruikt voor mensen die ten onrechte worden beschouwd als achterlijk.', 'De term ‘Kaukasisch’ verwees oorspronkelijk naar de volken uit de Kaukasus, maar werd later in gebruik genomen als een raciale benaming voor witte Europeanen. Dit gebeurde onder invloed van het antropologische werk van J.F. Blumenbach (1752\xad-1840). In de 20ste eeuw gebruikten leden van de nazipartij de term om hun superioriteit te verklaren. In Nederland zien we de term vooral in museumdatabases maar in andere landen – zoals de VS – komt het vaak voor in het dagelijks taalgebruik. De term krijgt steeds meer kritiek vanwege de raciale oorsprong.']"
slaaf,"['bezigheid', 'persoonlijk eigendom', 'staat', 'product', 'gevangene', 'sociale klasse', 'tot slaaf gemaakte']","['slaven', 'Personen die worden behandeld als een bezit en totaal ondergeschikt zijn aan een ander persoon door gevangenneming, aankoop of geboorte.', 'slaaf']","['slaaf', 'iemand die eigendom is v.e. ander', 'iemand tot slaaf maken', 'slavin', 'lijfeigene', 'heloot']","['De term ‘slaaf’ wordt gebruikt om iemand te beschrijven die het wettelijke eigendom is van een ander en moet gehoorzamen, vaak afgedwongen met geweld. De term zelf verwijst naar verschillende vormen van onvrijheid, met verschillende betekenissen en consequenties door de tijd (en plaats) heen. In de 6de eeuw betekende sklabos (Grieks) bijvoorbeeld een onvrij persoon van Slavische afkomst, terwijl sclavus in het middeleeuwse Latijn juist de meer algemene betekenis had van ‘een persoon die eigendom is van een ander’. Vandaag de dag wordt de term gebruikt voor mensen uit Afrika die door Europeanen gekocht/gevangen genomen werden en vervolgens gedwongen werden om onder onmenselijke omstandigheden op koloniale plantages te werken. Recent wordt de term gebruikt om de slachtoffers van hedendaagse mensenhandel of dwangarbeid te beschrijven. De term ‘slaaf’ wordt steeds meer betwist door activisten, weten\xad schappers en het publiek. Men vindt dat het gebruik van de term ‘slaaf’ een categorie normaliseert die niet inherent is aan iemands identiteit. De categorie werd onder geweld en dwang opgelegd, en was dus geen eigen keuze. Bovendien erkent de term ‘slaaf’ iemands menselijkheid niet, maar reduceert diegene tot niets meer dan iemands eigendom.']"
homoseksualiteit,"['niet-heteroseksueel', 'monoseksualiteit', 'homoseksualiteit', 'relatie met iemand van hetzelfde geslacht', 'seksuele geaardheid']","['homoseksualiteit', 'Seksualiteit die wordt gekenmerkt door romantische gevoelens of seksueel verlangen naar hetzelfde geslacht.']","['bestialiteit', 'homofilie', 'sodomie', 'homoseksualiteit', 'seksuele geaardheid v.e. homofiel', 'zoöfilie', 'tegennatuurlijk seksueel gedrag']","[""‘Homoseksueel’ is een medische en juridische term waarmee verwezen wordt naar niet\xad-heteroseksuele seksualiteit. De term als zodanig werd halverwege de 19de eeuw uitgevonden als een abnormale identiteitscategorie om mensen te onderscheiden die seksuele handelingen verrichtten met iemand van hetzelfde geslacht. Homoseksualiteit is, en wordt nog steeds op verschillende plaatsen in de wereld beschouwd als zondig, crimineel of een geestesziekte. De term wordt soms geringschattend of als scheldwoord gebruikt, en dan vooral in de afkorting ‘homo'.""]"
zigeuner,"['pejoratief', 'zigeuner', 'inwonersnaam', 'overkoepelende term']",[],"['Roma', 'hij is een echte zigeuner', 'er uitzien als een zigeuner', 'zigeunerin', 'zigeuner', 'gipsy', 'een kamp/standplaats van zigeuners', 'lid v.e. rondtrekkend volk']","['De term ‘zigeuner’ wordt meestal gebruikt als verwijzing naar iemand van een reizend volk, met name de Roma. De Roma bestaan uit verschillende groepen. In samenhang met hun rondreizende bestaan en vanwege hun verleden van (gedwongen) migratie, blijft de negatieve stereotypering van de Roma als dieven en zwervers bestaan. De Roma beschouwen de term ‘zigeuner’ als denigrerend en in de jaren 1970 hebben ze daarom gezamenlijk en officieel besloten om zichzelf ‘Roma’ te noemen.']"
achterlijk,[],[],[],"['‘Mongool’ is een ouderwetse en aanstootgevende term die wordt gebruikt als verwijzing naar een zogenaamd raciaal type enerzijds en mensen met de genetische conditie Downsyndroom anderzijds. De term in zijn raciale definitie kwam voort uit de 18de en 19de\xad-eeuwse studies naar raciale verschillen. Het Mongoloïde of Mongoolse ras werd als overkoepelende term gebruikt voor verschillende inheemse volken in Oost\xad-Azië, Zuidoost\xad-Azië en de Arctische regio’s in Noord\xad-Amerika. De term is ouderwets en wordt in sommige situaties beschouwd als beledigend, zoals dat ook het geval is met de andere zogenaamde rassencategorieën ‘Kaukasisch’ en ‘neger’ (zie: Kaukasisch en Neger). De term wordt ook gebruikt voor mensen met het Downsyndroom, omdat hun gelaatstrekken een gelijkenis zouden vertonen met die van mensen van het zogenaamde Mongoolse ras. Vandaag de dag wordt de term als scheldwoord gebruikt voor mensen die ten onrechte worden beschouwd als achterlijk.']"
inboorling,[],[],"['dr. Livingstone bezocht de inboorlingen in de jungle van Afrika', 'oorspronkelijke bewoner v.e. land', 'inboorling']","[""‘Inboorling’ wordt vanaf de 13de eeuw in Nederland gebruikt en deelt zijn betekenis –\xad iemand geboren in het land \xad met de term ‘Inlander'. Het is echter een overdrijvende vorm ervan, en heeft de connotaties van primitief en wild. In het begin van de 19de eeuw werd de term door sommige mensen gebruikt om alle Indonesiërs te beschrijven, maar later werd het uitsluitend toegepast op zogenaamde stammen in Nederlandse koloniën. In de Koloniale Tentoonstelling van 1883 in Amsterdam werd de term ‘inboorlingen’ bijvoorbeeld gebruikt om volken uit zowel Indonesië als Suriname te beschrijven. In Suriname zelf werd het nooit gebruikt om de inheemse volken te omschrijven. Tegenwoordig wordt de term vooral geassocieerd met mensen die als primitief worden beschouwd.""]"
boslandcreool,"['etnische groep', 'groep mensen', 'marrons', 'woordenboekpagina op Wikipedia']",[],[],"['In het Nederlands komt de term ‘bosneger’ voort uit de termen ‘bosch’ en ‘neger’ (zie: Neger). Het was een pejoratieve term voor Afrikanen (en hun afstammelingen) die aan de slavernij ontsnapten in Suriname en de Guyana’s en in bergachtige gebieden gingen wonen. Hiervandaan vochten zij tegen kolonisatie. Sommige mensen in Suriname en in Nederland gebruiken de term vandaag de dag als synoniem voor ‘Marron’ en ‘Boslandcreool’ Hoewel de term ‘Marron’ ook betwist wordt, wordt deze beter aanvaard (zie: Marron).']"
lagelonenland,"['land', 'lagelonenland']",[],[],"[""Hoewel de term ‘Derde Wereld’ nog steeds voorkomt in alledaags taalgebruik, wordt het beschouwd als een overblijfsel van de Koude Oorlogspolitiek. De wereld werd toen verdeeld in drie groepen op basis van politieke en economische oriëntaties of allianties. De term ‘Eerste Wereld’ beschrijft de Verenigde Staten en hun bond\xad genoten, waaronder Japan, Canada en landen in West\xadEuropa, terwijl landen die deel uitmaakten van het communistische blok, inclusief China, USSR, Cuba en landen in Oost\xadEuropa, de ‘Tweede Wereld’ vormden. ‘Derde Wereld’ werd voor het eerst gebruikt (in een artikel van Alfred Sauvy in 1952) om die landen te beschrijven die politiek georiënteerd waren op de Eerste noch de Tweede Wereld. De term werd ook een economische indeling, die werd gebruikt om te verwijzen naar de armste landen en regio's van de wereld. Dit omvatte landen in Azië, Afrika, Latijns\xadAmerika en het Caribisch gebied, waarvan er velen voorheen door Europa waren gekoloniseerd. Steeds meer mensen vinden dat de term niet langer geschikt is, omdat het geen nauwkeurige beschrijving is van de complexiteit van de wereld en omdat het een verdeling van de wereld suggereert in westerse superioriteit en niet\xadwesterse inferioriteit.""]"
bosneger,"['etnische groep', 'groep mensen', 'marrons', 'woordenboekpagina op Wikipedia']",[],"['in de bossen gevluchte negerslaaf', 'bosneger']","['In het Nederlands komt de term ‘bosneger’ voort uit de termen ‘bosch’ en ‘neger’ (zie: Neger). Het was een pejoratieve term voor Afrikanen (en hun afstammelingen) die aan de slavernij ontsnapten in Suriname en de Guyana’s en in bergachtige gebieden gingen wonen. Hiervandaan vochten zij tegen kolonisatie. Sommige mensen in Suriname en in Nederland gebruiken de term vandaag de dag als synoniem voor ‘Marron’ en ‘Boslandcreool’ Hoewel de term ‘Marron’ ook betwist wordt, wordt deze beter aanvaard (zie: Marron).']"
politionele actie,[],[],[],"['Met ‘politionele acties’ worden de grootschalige militaire operaties van het Nederlandse leger tussen 1945\xad-1949 bedoeld, die erop gericht waren om Indonesische Onafhankelijkheid te voorkomen. De toenmalige Nederlandse regering wilde oorlogsterminologie vermijden, omdat zij de operaties zagen als een legitieme onderdrukking van een opstand. Zij gebruikten de term ‘politionele actie’. ‘Politionele actie’ wordt om die reden als een misleidend begrip gezien door velen, waaronder de nazaten van de slachtoffers. Het wordt beschouwd als een eufemistische term, die de structurele inmenging van het leger en de gewelddadigheden verdoezelt en die de slachtoffers reduceert tot rebellen.']"
travestiet,['travestie'],[],"['travestiet', 'tootsie', 'persoon die aan travestie doet', 'transvestiet']","['‘Trans’ is een overkoepelende term die wordt gebruikt om transgender of transseksuele seksualiteit te beschrijven. Transgender/transseksueel beschrijft mensen wiens genderidentiteit en \xaduitdrukking afwijkt van wat als typerend wordt beschouwd voor het geslacht dat zij bij de geboorte hebben gekregen. Als een overkoepelende term kan ‘transgender’ een verscheidenheid aan genderidentiteiten en \xad-uitdrukkingen beschrijven, bijvoorbeeld crossdressing. Sommige mensen geven de voorkeur aan de term ‘transgender’. Het gaat dan met name om mensen die van plan zijn om hun lichaam te veranderen in overeenstemming met hun genderidentiteit, of dit al gedaan hebben.']"
koelie,"['medewerker', 'bezigheid', 'koelie']",[],"['loonslaaf', 'iemand die werkt tegen betaling', 'koelie', 'grondwerker', 'bediende zoals in de tropen']","['De term ‘koelie’ is waarschijnlijk afgeleid van het Hindi\xad-woord ‘quli’, dat ‘dagwerker’ betekent. In het Nederlands verwijst het specifiek naar ongeschoolde contractarbeiders uit Azië, die in de jaren 1850 veldarbeid verrichtten in de koloniën Nederlands\xad-Indië (Indonesië) en later in West\xad-Indië (Suriname). De term is buiten Nederland ook gebruikt om contractarbeiders in de Britse koloniën in het Caribisch gebied te beschrijven, voornamelijk die uit India. Vanaf het midden van de 20ste eeuw zijn wetenschappers, activisten en diverse belangengemeenschappen het erover eens dat het een beledigende term is. Desondanks wordt het nog steeds gebruikt als een scheldwoord voor mensen van Aziatische afkomst.']"
zuid-rhodesië,"['kolonie', 'kroonkolonie', 'Zuid-Rhodesië']",[],[],"['‘Bombay’ is het koloniale toponiem – de (nieuwe) naamgeving van geografische plaatsen door koloniale heersers – van de Indiase stad Mumbai. De term werd voor het eerst gebruikt in de 16de eeuw. Het hernoemen van plaatsen komt vaak voor, zowel vroeger als nu, en vaak vanwege politieke veranderingen. Zowel onder kolonialisme als tijdens dekolonisatie, maar ook nu nog, is dit een belangrijke ideologie. Koloniale overheersers noemden steden en andere plaatsen naar belangrijke figuren of plekken uit eigen land. Het hernoemen van plekken – dan wel door nieuwe namen te geven dan wel oude namen in ere te herstellen – is een belangrijk symbool voor nieuwe naties. De naam uit het koloniale tijdperk kan voor sommige inwoners beledigend zijn, omdat het een pijnlijke herinnering is aan het kolonialisme. Ook toen Mumbai onafhankelijk was geworden, bleef men het nog lang Bombay noemen. Calcutta (nu Kolkata) en Chennai (Madras) zijn vergelijkbare voorbeelden van koloniale toponiemen die verengelst werden tijdens de koloniale periode. Andere koloniale toponiemen zijn onder meer: Jakarta (Batavia), Myanmar (Birma) en Zimbabwe (Zuid\xad-Rhodesië).']"
zwart,[],[],[],"['‘Gekleurd’ is een controversiële term waarmee iemand (of een groep mensen) wordt beschreven met een gemengde afkomst: wit Europees enerzijds en niet\xad-wit anderzijds, bijvoorbeeld mensen van Afrikaanse of Aziatische afkomst. In sommige gevallen wordt de term gebruikt voor Zwarte mensen. ‘Gekleurd’ kent verschillende gebruiksgeschiedenissen en betekenissen over de wereld, maar wordt over het algemeen als beledigend beschouwd. In Zuid\xad-Afrika beschrijft de term bijvoorbeeld iemand van gemengde afkomst, waaronder Khoisan, Maleis en Wit. In de VS werd de term voorheen vooral gebruikt voor Zwarte mensen of de Zwarte gemeenschap, en is restrictiever dan de vergelijkbare term ‘iemand/mensen van kleur’. In Nederland wordt de term eveneens voor Zwarte mensen of mensen van gemengde afkomst gebruikt. Er bestaan verschillende aan elkaar verbonden varianten op de term, zoals ‘gekleurd’, ‘met een kleurtje’ of ‘met een donkerdere huidskleur’. Het gebruik hiervan grijpt terug op het raciale idee van witheid als norm, en de termen worden steeds meer beschouwd als ongepast en denigrerend. Steeds meer mensen omarmen de Amerikaanse identiteitscategorie ‘iemand/mensen van kleur’ (in het Engels afgekort tot POC). De categorie ‘Zwarte en niet\xad-Zwarte mensen van kleur’ wordt tegen\xadwoordig ook steeds vaker gebruikt om niet\xad-witte mensen te omschrijven. Hoewel de termen ‘Zwart’ en ‘mensen van kleur’ voor velen algemeen aanvaardbare termen blijven, is het beter om die termen te gebruiken die mensen zelf gebruiken en respectvol vinden.', '‘Zwart’ is een identiteitscategorie met verschillende betekenissen in verschillende contexten, maar in het algemeen verwijst het naar mensen van Afrikaanse afkomst. De term is de vroegere raciale categorie ‘neger’ (zie: Neger) gaan vervangen, die nu door velen beschouwd wordt als denigrerend. In Nederland wordt ‘Zwart’ het meest gebruikt om mensen van Afrikaanse of Afro\xad-Caribische oorsprong te beschrijven. Op deze manier gebeurt dit ook in Groot\xad-Brittannië. Daar wordt de term echter ook gebruikt als verschillende niet\xadwitte groepen mensen te verenigen, die allen racistisch bejegend worden (ongeacht hun etnische of geografische afkomst). In Nederland is dat in mindere mate het geval. Ook in de Verenigde Staten verwijst de term vooral naar Afro\xad-Amerikanen: ‘mensen van kleur’ wordt gebruikt als een politieke categorie voor iedereen die niet wit is. Met name door de inspanningen van de Noord\xad-Amerikaanse Civil Rights en Black Power bewegingen, maar ook door de strijd tegen racisme wereldwijd, is ‘Zwart’ een identiteitscategorie geworden waar veel mensen van Afrikaanse afkomst trots op zijn. Daarmee neemt men afstand van eerdere stereotypen waarmee Zwarte mensen geassocieerd worden.']"
mohammedaan,"['religieuze identiteit', 'moslim']",[],"['mohammedaan', 'aanhanger v.d. islam']","['‘Mohammedaan’ werd in het verleden vaak gebruikt. Oorspronkelijk refereerde het aan de aanbidding van de profeet Mohammed. Veel moslims verzetten zich om deze reden tegen het gebruik van de term, omdat de islam de aanbidding van God alleen onderwijst. ‘Mohammedaan’ is voornamelijk te vinden in museumdatabases en niet meer in de dagelijkse taal. De termen ‘moslim’ en ‘islamitisch’ komen tegenwoordig vaker voor.']"
berber,[],[],"['Berber', 'Noord-Afrikaan']","[""‘Berber’ verwijst naar diverse groepen mensen die in verschillende landen in het noorden van Afrika leven. De term stamt uit de klassieke oudheid en verscheen voor het eerst in Arabische manuscripten in 900 v.C. Velen denken echter ten onrechte dat de term door Europeanen gecreëerd is en gerelateerd is aan de term ‘barbaar' (zie: Barbaar). Hoewel nog steeds gebruikt door veel mensen die zichzelf als Berber beschouwen, raakt het uit de gratie en geven steeds meer mensen de voorkeur aan de term ‘Amazigh’.""]"
calcutta,"['metropool', 'miljoenenstad', 'Calcutta']",[],"['Kolkata', 'Calcutta']","['‘Bombay’ is het koloniale toponiem – de (nieuwe) naamgeving van geografische plaatsen door koloniale heersers – van de Indiase stad Mumbai. De term werd voor het eerst gebruikt in de 16de eeuw. Het hernoemen van plaatsen komt vaak voor, zowel vroeger als nu, en vaak vanwege politieke veranderingen. Zowel onder kolonialisme als tijdens dekolonisatie, maar ook nu nog, is dit een belangrijke ideologie. Koloniale overheersers noemden steden en andere plaatsen naar belangrijke figuren of plekken uit eigen land. Het hernoemen van plekken – dan wel door nieuwe namen te geven dan wel oude namen in ere te herstellen – is een belangrijk symbool voor nieuwe naties. De naam uit het koloniale tijdperk kan voor sommige inwoners beledigend zijn, omdat het een pijnlijke herinnering is aan het kolonialisme. Ook toen Mumbai onafhankelijk was geworden, bleef men het nog lang Bombay noemen. Calcutta (nu Kolkata) en Chennai (Madras) zijn vergelijkbare voorbeelden van koloniale toponiemen die verengelst werden tijdens de koloniale periode. Andere koloniale toponiemen zijn onder meer: Jakarta (Batavia), Myanmar (Birma) en Zimbabwe (Zuid\xad-Rhodesië).']"
lilliputter,"['mens', 'dwerg']",[],"['in de groei belemmerd persoon', 'mini-', 'dwerg-', 'dwerg', 'lilliputter', 'iemand met zeer korte armen en benen']","[""Dwerggroei (Achondroplasie) is een medische of genetische aandoening van kleine mensen. Als de term ‘dwerg' niet binnen de medische context wordt gebruikt, wordt het als een belediging opgevat. De term ‘dwerg’ wordt in het Nederlands gebruikt sinds de 14de eeuw. Toen had het de connotatie van monsterlijk. Satirische verbeeldingen van kleine mensen komen vaak voor in (de geschiedenis van) Europese kunst, literatuur en film. In 19de en vroeg 20ste\xadeeuwse koloniale tentoonstellingen, freak shows en circussen werden mensen met dwerggroei gezien als abnormaal ‘anders’, in sommige opzichten vergelijkbaar met de raciale verbeelding van gekoloniseerde mensen. Vergelijkbare beledigende termen zijn ‘lilliputter’ en ‘pygmee’""]"
indiaan,[],"[""Verwijst meestal naar de cultuur van de inheemse bevolking van het westelijk halfrond, en in het bijzonder naar de inheemse bevolking van Noord-Amerika, met uitzondering van de Eskimo's en Aleoeten. De term wordt ook wel in breder verband gebruikt om te verwijzen naar de cultuur van alle oorspronkelijke bewoners van Noord-, Midden- en Zuid-Amerika en West-Indië die tot het Mongoolse ras worden gerekend. In het Nederlands wordt voor dit brede begrip vaak de term 'indiaan(s)' gebruikt, terwijl 'Native American' uitsluitend verwijst naar de culturen van de inheemse inwoners van de Verenigde Staten en Canada met uitzondering van de Eskimo's en de Aleoeten. Inheemse volkeren van Canada gebruiken de term ‘First Nations’ om naar hun eigen gemeenschappen te verwijzen; vaak gebruiken ze deze term ook in bredere zin om naar alle inheemse volkeren van Noord-, Midden- en Zuid-Amerika te verwijzen."", 'Inheems Amerikaans', 'Amerikaans Indiaans', 'Indiaans']","['inwoner Amerika', 'Indiaan']","['Toen Christopher Columbus in de 16de eeuw aankwam in Amerika, noemde hij de inwoners ‘Índios’ omdat hij dacht dat hij in India was aangekomen. De onjuiste benaming ‘indiaan’ werd al gauw algemeen gebruikt om de inheemse volken van Noord\xad-Amerika te beschrijven. Er bestaat geen consensus over het gebruik van de term. In de VS is ‘American Indian’ een term die een geschiedenis van verdeeldheid kent, maar desondanks wordt het door individuen en gemeenschappen gebruikt als een vorm van zelfidentificatie. Het blijft een sleutelbegrip voor zowel de Amerikaanse als de Canadese overheid. In de Spaanssprekende landen in Midden\xad- en Zuid\xad-Amerika wordt ‘índio’ veelal beschouwd als problematisch en zelden of nooit gebruikt door de inheemse mensen zelf. In Brazilië wordt de term ‘índio’ in mindere mate betwist.', ""De term ‘Aboriginal' komt van de Latijnse woorden ab en origine, die samen ‘van het begin’ betekenen. ‘Aboriginal' komt vaak voor, onder andere in collectiedatabases van musea, om de oorspronkelijke bewoners van een plek te omschrijven. De term wordt vooral gebruikt om te verwijzen naar inheemse volken in Australië en Canada (zie: Inheems). In Canada heeft men echter recentelijk de voorkeur gegeven aan de term Inheems. ‘Aboriginal’ houdt onvoldoende rekening met de complexiteit en diversiteit van inheemse volken. Veel inheemse volken in beide landen willen geen ‘Aboriginal’ genoemd worden en geven de voorkeur aan andere termen die hun identiteit kenmerken, zoals taal, land en clan relaties. In Canada begon men de term toe te passen in de jaren 1980, toen men een juridische en overkoepelende term zocht om de bestaande – maar controversiële – categorieën ‘indiaan’, ‘Inuit’ en ‘Métis’ te beschrijven (zie: Indiaan en Eskimo).""]"
hermafrodiet,"['sekse', 'intersekse', 'organisme', 'hermafrodiet']","['Mensen die zowel mannelijke als vrouwelijke geslachtsorganen hebben.', 'hermafrodiet', 'hermafrodieten']","['tweeslachtig wezen', 'hermafrodiet']","['‘Hermafrodiet’ wordt gezien als een ouderwetse en stigmatiserende term, die mensen pathologiseert die geboren zijn met de geslachtsorganen van beide geslachten (zie artikel Steinbock)']"
mongool,[],[],"['geesteszieke', 'cretin', 'waanzinnige', 'mogool', 'geestelijk gehandicapte', 'gestoorde', 'vrouwelijke fanaat', 'iemand die gek is', 'mongool', 'zwakzinnige', 'debiel', 'kretijn', 'idioot', 'iemand met het Downsyndroom', 'krankzinnige', 'imbeciel', 'gek', 'verstandelijke gehandicapte']","['‘Mongool’ is een ouderwetse en aanstootgevende term die wordt gebruikt als verwijzing naar een zogenaamd raciaal type enerzijds en mensen met de genetische conditie Downsyndroom anderzijds. De term in zijn raciale definitie kwam voort uit de 18de en 19de\xad-eeuwse studies naar raciale verschillen. Het Mongoloïde of Mongoolse ras werd als overkoepelende term gebruikt voor verschillende inheemse volken in Oost\xad-Azië, Zuidoost\xad-Azië en de Arctische regio’s in Noord\xad-Amerika. De term is ouderwets en wordt in sommige situaties beschouwd als beledigend, zoals dat ook het geval is met de andere zogenaamde rassencategorieën ‘Kaukasisch’ en ‘neger’ (zie: Kaukasisch en Neger). De term wordt ook gebruikt voor mensen met het Downsyndroom, omdat hun gelaatstrekken een gelijkenis zouden vertonen met die van mensen van het zogenaamde Mongoolse ras. Vandaag de dag wordt de term als scheldwoord gebruikt voor mensen die ten onrechte worden beschouwd als achterlijk.']"
handicap,"['handicap', 'eigenschap']",[],"['fysieke of mentale invaliditeit', 'gebrek', 'een zware handicap', 'handicap', 'gebrekkigheid', 'onvolkomenheid', 'iets dat last geeft', 'ongemak', 'affectie', 'ziekte aan een bepaald lichaamsdeel', 'wij organiseren actieve zeilvakanties voor mensen met een handicap', 'een lichte handicap', 'door zijn handicap moet hij in een rolstoel zitten', 'aandoening', 'met een handicap', 'een lichamelijke/verstandelijke handicap']","[""‘Handicap’ is een overkoepelende term om verschillende vormen van geestelijke of lichamelijke beperkingen te beschrijven. In de afgelopen jaren is de term vooral in West\xad-Europa en de Verenigde Staten steeds meer vervangen door ‘beperking’. Aan het begin van de twintigste eeuw werd de term ‘handicap' gebruikt om iemands ‘gebrek’ of onvermogen om ‘normaal’ te functioneren aan te duiden. Vanaf de jaren zeventig werden dit concept en daaraan gerelateerde woorden steeds meer bekritiseerd. Activisten voerden aan dat een beperking geen individueel probleem was dat moest worden verholpen, maar dat het de samenleving was die het leven met een beperking tot een probleem maakte. Mensen wilden niet langer aangesproken worden als ‘gehandicapten', maar als ‘mensen met een beperking’.""]"
marron,[],[],[],"['De term ‘Marron’ wordt gebruikt om te verwijzen naar (de nakomelingen van) Afrikanen in Amerika, die aan slavernij ontsnapten en in gebieden gingen wonen die moeilijk bereikbaar waren, zoals het regenwoud. De term komt van het 16de-eeuwse Spaanse woord ‘cimarrón’, dat weggelopen vee betekent. Het wordt om die reden als beledigend ervaren. Tegelijkertijd viert de term het voortdurende verzet tegen kolonialisme en slavernij, en wordt daarom gezien als empowering. Deze verschillende opvattingen maken het gebruik van het woord complex. In Suriname en Nederland bieden sommigen weerstand tegen de term, terwijl die elders, bijvoorbeeld in Jamaica, meer geaccepteerd wordt.', 'In het Nederlands komt de term ‘bosneger’ voort uit de termen ‘bosch’ en ‘neger’ (zie: Neger). Het was een pejoratieve term voor Afrikanen (en hun afstammelingen) die aan de slavernij ontsnapten in Suriname en de Guyana’s en in bergachtige gebieden gingen wonen. Hiervandaan vochten zij tegen kolonisatie. Sommige mensen in Suriname en in Nederland gebruiken de term vandaag de dag als synoniem voor ‘Marron’ en ‘Boslandcreool’ Hoewel de term ‘Marron’ ook betwist wordt, wordt deze beter aanvaard (zie: Marron).']"
baboe,"['huishoudelijke hulp', 'kinderjuffrouw', 'beroep', 'bezigheid']",[],"['oppas in Nederlands-Indië', 'baboe']","[""‘Bediende’, ‘page’, ‘knecht’ en ‘baboe’ zijn termen die vaak voorkomen in museumdatabases, en dan met name in de beschrijvingen van schilderijen en foto’s. Deze verwante termen beschrijven een persoon die in andermans huishouden werkzaam is om huishoudelijke taken te verrichten, zoals koken en schoonmaken, of ter assistentie. De termen veronderstellen op zich geen grove uitbuiting ofschoon zij een hiërarchische relatie op basis van klasse en macht beschrijven die soms gekenmerkt wordt door uitbuiting. De veelvoudige en complexe relaties die bedienden kunnen hebben met hun meesters maken het niet makkelijk, zelfs riskant, om een oordeel te vellen over de rol van de bediende of de omstandigheden waaronder deze leefde. De term ‘page' beschrijft een jonge, mannelijke bediende die voor een edelman werkt, of – wanneer het de Renaissance betreft \xad als bediende voor modieuze dames en heren. Vandaag de dag wordt het in sommige kringen als vernederend of beledigend beschouwd om te verwijzen naar iemand als bediende of page. De term noemen in de beschrijving van historische schilderijen of foto’s kan in sommige gevallen echter wel worden aangeraden""]"
ras,"['classificatiesysteem', 'identiteit', 'menselijk ras']","['Vaststelling van de identiteit van een groep mensen ter onderscheiding van andere groepen, op basis van fysieke of sociale kenmerken, zoals taal.', 'ras (begrip)']",[],"['‘Ras’ is een veelbesproken term die verwijst naar de indeling van mensen op basis van fysieke kenmerken, zoals huidskleur. In raciaal denken wordt de kleur van iemands huid beschouwd als een teken van onvergelijkbare verschillen tussen groepen, met een hiërarchie in aanleg, vaardigheden, zelfs gedrag en ontwikkeling. Volgens 18de\xad- en 19de\xad-eeuwse raciale wetenschappers was het mogelijk om mensen in verschillende groepen te verdelen en in een hiërarchie te plaatsen. Deze typologieën versterkten koloniale ideologieën over verschil, met de witte Europeaan aan de top in een raciale hiërarchie (zie: Kaukasisch en Neger). Hoewel ras geen biologisch feit is, heeft het sociale gevolgen, zoals discriminatie, vooroordelen en ongelijkheid. Racisme moet daarom worden begrepen als een vorm van discriminatie en vooroordelen, dat gebaseerd wordt op de veronderstelde superioriteit van de ene groep boven de andere.', '‘Etniciteit’ verwijst naar de gedeelde sociale, culturele of historische ervaringen en praktijken van een groep mensen, bijvoorbeeld taal, religie of kleding, en meestal een nationale of regionale achtergrond. Mensen die deze kenmerken met elkaar delen, worden gezamenlijk omschreven als ‘etnische groep’. Hoewel dit een neutrale categorie lijkt te zijn, wordt het vaak gebruikt voor iemand of iets dat afwijkt van de norm of buitenlands is. Denk bijvoorbeeld aan ‘etnisch eten’ of ‘etnische muziek’. Wanneer het over mensen gaat, wordt de term normaal gesproken geassocieerd met minderheidsgroepen. Iedereen heeft echter een etnische identiteit. Etniciteit wordt soms verward met ras en door velen ten onrechte gebruikt als een alternatieve term, waar de verwijzing naar biologische verschillen omzeild wordt (zie: Ras).']"
bombay,"['bevolkte plaats', 'grote stad', 'stad', 'metropool', 'tweede grootste stad', 'cluster', 'Mumbai', 'miljoenenstad']",[],"['Bombay', 'Mumbai']","['‘Bombay’ is het koloniale toponiem – de (nieuwe) naamgeving van geografische plaatsen door koloniale heersers – van de Indiase stad Mumbai. De term werd voor het eerst gebruikt in de 16de eeuw. Het hernoemen van plaatsen komt vaak voor, zowel vroeger als nu, en vaak vanwege politieke veranderingen. Zowel onder kolonialisme als tijdens dekolonisatie, maar ook nu nog, is dit een belangrijke ideologie. Koloniale overheersers noemden steden en andere plaatsen naar belangrijke figuren of plekken uit eigen land. Het hernoemen van plekken – dan wel door nieuwe namen te geven dan wel oude namen in ere te herstellen – is een belangrijk symbool voor nieuwe naties. De naam uit het koloniale tijdperk kan voor sommige inwoners beledigend zijn, omdat het een pijnlijke herinnering is aan het kolonialisme. Ook toen Mumbai onafhankelijk was geworden, bleef men het nog lang Bombay noemen. Calcutta (nu Kolkata) en Chennai (Madras) zijn vergelijkbare voorbeelden van koloniale toponiemen die verengelst werden tijdens de koloniale periode. Andere koloniale toponiemen zijn onder meer: Jakarta (Batavia), Myanmar (Birma) en Zimbabwe (Zuid\xad-Rhodesië).']"
indo,"['etnische groep', 'Indische Nederlanders']","['Oude culturen van de volkeren die horen bij de brede klasse verwante talen die nog steeds worden gesproken in het grootste deel van Europa en tot aan Noord-India in Azië. Het betreft onder andere de culturen die horen bij de volgende bestaande en uitgestorven taalfamilies: Anatolisch, Helleens, Indo-Iraans, Italisch, Keltisch, Germaans, Tochaars, Balto-Slavisch, Armeens, Albanees, Illyrisch, Venetisch, Liburnisch, Messapisch, Frygisch, Paionisch, Thracisch, Oudmacedonisch, Ligurisch, Sjekelesj en Lusitanisch.', 'Indo-Europees']",[],"['‘Indo’ is een afkorting van Indo\xad-Europeaan. De term is ontstaan in het koloniale tijdperk om mensen met een Indonesische en Europese afkomst (niet alleen van Nederlandse afkomst) aan te duiden. De term werd waarschijnlijk voor het eerst gebruikt in de Nederlands taal in 1898. De term werd al gauw impopulair vanwege de etnische en koloniale connotatie, maar is recentelijk weer in gebruik genomen als geuzennaam door jonge mensen met een Indo\xad-Europese afkomst in Nederland.']"
primitivisme,"['kunst', 'kunststroming', 'kunststijl', 'genre', 'primitivisme']","[""Artistieke stijlen of stromingen die bedoeld zijn om, vaak op romantische of sentimentele gronden, het uiterlijk na te bootsen van kunstvormen die daarvoor als primitief werden bestempeld. Te onderscheiden van 'primitieve kunst' en 'primitieve architectuur', termen die voorheen werden gebruikt om kunst en architectuur aan te duiden van volkeren die niet onder invloed staan van de dominante westerse cultuur. Gebruik 'primitivistisch' voor op de volkskunst, het kubisme en het futurisme gebaseerde kunst in Rusland in het eerste kwart van de 20e eeuw."", 'primitivisme']",[],"[""‘Primitief’ komt van het Latijnse woord primitivus, dat eerstgeboren of eerste in zijn soort betekent. In Europa werd het een synoniem voor de raciale en temporale ‘ander’ en werd de term toegepast op culturen die beschouwd werden als simpel, onbeschaafd en niet van deze tijd en ‘Europese’ kwaliteiten zoals ‘vooruitgang’ en ‘rationaliteit’ misten. Zo wordt de term nog steeds vaak gebruikt. ‘Primitivisme’ is een stroming in de beeldende kunst. Deze beweging waardeerde culturen en plekken die zij associeerden met de natuurlijke kwaliteit of romantiek van een eenvoudiger manier van leven. Dit in tegenstelling tot het geavanceerdere, geïndustrialiseerde Europa, zo dacht men. Zowel de term ‘primitief’ als ‘Primitivisme' zijn bekritiseerd door verschillende groepen, waaronder wetenschappers.""]"
trans,[],[],"['transseksueel iemand', 'trans']","['‘Trans’ is een overkoepelende term die wordt gebruikt om transgender of transseksuele seksualiteit te beschrijven. Transgender/transseksueel beschrijft mensen wiens genderidentiteit en \xaduitdrukking afwijkt van wat als typerend wordt beschouwd voor het geslacht dat zij bij de geboorte hebben gekregen. Als een overkoepelende term kan ‘transgender’ een verscheidenheid aan genderidentiteiten en \xad-uitdrukkingen beschrijven, bijvoorbeeld crossdressing. Sommige mensen geven de voorkeur aan de term ‘transgender’. Het gaat dan met name om mensen die van plan zijn om hun lichaam te veranderen in overeenstemming met hun genderidentiteit, of dit al gedaan hebben.']"
inuk,"['etnische groep', ""eskimo's"", 'Inuit', 'volk']",[],[],"[""De term ‘Aboriginal' komt van de Latijnse woorden ab en origine, die samen ‘van het begin’ betekenen. ‘Aboriginal' komt vaak voor, onder andere in collectiedatabases van musea, om de oorspronkelijke bewoners van een plek te omschrijven. De term wordt vooral gebruikt om te verwijzen naar inheemse volken in Australië en Canada (zie: Inheems). In Canada heeft men echter recentelijk de voorkeur gegeven aan de term Inheems. ‘Aboriginal’ houdt onvoldoende rekening met de complexiteit en diversiteit van inheemse volken. Veel inheemse volken in beide landen willen geen ‘Aboriginal’ genoemd worden en geven de voorkeur aan andere termen die hun identiteit kenmerken, zoals taal, land en clan relaties. In Canada begon men de term toe te passen in de jaren 1980, toen men een juridische en overkoepelende term zocht om de bestaande – maar controversiële – categorieën ‘indiaan’, ‘Inuit’ en ‘Métis’ te beschrijven (zie: Indiaan en Eskimo).""]"
homoseksueel,"['seksuele minderheid', 'homoseksualiteit', 'gay', 'seksuele geaardheid', 'LGBTI']",[],"['holtor', 'homo', 'homoseksuele', 'sodemiet', 'homoseksueel persoon', 'homofiel persoon', 'mietje', 'homoseksueel', 'flikker', 'homofiel', 'geïnverteerde', 'gay', 'bruinwerker', 'nicht', 'poot', 'sodemieter', 'reetkever']","[""‘Homoseksueel’ is een medische en juridische term waarmee verwezen wordt naar niet\xad-heteroseksuele seksualiteit. De term als zodanig werd halverwege de 19de eeuw uitgevonden als een abnormale identiteitscategorie om mensen te onderscheiden die seksuele handelingen verrichtten met iemand van hetzelfde geslacht. Homoseksualiteit is, en wordt nog steeds op verschillende plaatsen in de wereld beschouwd als zondig, crimineel of een geestesziekte. De term wordt soms geringschattend of als scheldwoord gebruikt, en dan vooral in de afkorting ‘homo'.""]"
batavia,"['Batavia', 'toponiem', 'hoofdstad']",[],[],"['‘Bombay’ is het koloniale toponiem – de (nieuwe) naamgeving van geografische plaatsen door koloniale heersers – van de Indiase stad Mumbai. De term werd voor het eerst gebruikt in de 16de eeuw. Het hernoemen van plaatsen komt vaak voor, zowel vroeger als nu, en vaak vanwege politieke veranderingen. Zowel onder kolonialisme als tijdens dekolonisatie, maar ook nu nog, is dit een belangrijke ideologie. Koloniale overheersers noemden steden en andere plaatsen naar belangrijke figuren of plekken uit eigen land. Het hernoemen van plekken – dan wel door nieuwe namen te geven dan wel oude namen in ere te herstellen – is een belangrijk symbool voor nieuwe naties. De naam uit het koloniale tijdperk kan voor sommige inwoners beledigend zijn, omdat het een pijnlijke herinnering is aan het kolonialisme. Ook toen Mumbai onafhankelijk was geworden, bleef men het nog lang Bombay noemen. Calcutta (nu Kolkata) en Chennai (Madras) zijn vergelijkbare voorbeelden van koloniale toponiemen die verengelst werden tijdens de koloniale periode. Andere koloniale toponiemen zijn onder meer: Jakarta (Batavia), Myanmar (Birma) en Zimbabwe (Zuid\xad-Rhodesië).']"
stam,"['stam', 'etnische groep', 'sociale groep']","['stammen', 'volksstammen', 'stam', 'Sociale groepen waarvan de leden geacht worden af te stammen van een gemeenschappelijke voorouder, en die bestaan uit talrijke families, geslachten of dorpen. Meestal bewonen ze een specifiek geografisch gebied, zijn ze homogeen op cultureel, religieus en taalkundig gebied en zijn ze politiek verenigd door één leider of hoofdman.']","['een lokale stam', 'volksstam met eigen gewoonten en een eigen gebied', 'stam', 'volksstam', 'soortgenoten', 'sibbe', 'groep mensen met dezelfde voorvaders', 'clan', 'nomadische stammen', 'groep mensen']","['De term ‘stam’ wordt vaak geassocieerd met een zogenaamde niet\xad complexe samenleving met een eenvoudige politieke structuur. Hoewel dit feit op zich niet wordt betwist, heeft de term de bijklank van primitief, simpel en wild gekregen. Het wordt voornamelijk geassocieerd met niet\xad Europese mensen en culturen. Het lastige aan de term is dat sommige groepen de term juist omarmen, zoals de ‘Native North American Tribal Councils’. ‘Stam’ komt ook voor in de Koran en is daarom altijd een geaccepteerde term geweest in de Arabische wereld. Zelfs dan wordt deze term betwist vanwege de negatieve connotaties. De term is zeer zelden gebruikt om etnische groepen in Europa te beschrijven, zoals bijvoorbeeld het Sami\xad-volk of (in het verleden) de Keltische volken. In de afgelopen jaren is het positief gebruikt in mode\xad- en populaire cultuur om te verwijzen naar stijl, bijvoorbeeld ‘fashion tribes’']"
eerste wereld,"['classificatiesysteem', 'groep', 'eerste wereld']",[],[],"[""Hoewel de term ‘Derde Wereld’ nog steeds voorkomt in alledaags taalgebruik, wordt het beschouwd als een overblijfsel van de Koude Oorlogspolitiek. De wereld werd toen verdeeld in drie groepen op basis van politieke en economische oriëntaties of allianties. De term ‘Eerste Wereld’ beschrijft de Verenigde Staten en hun bond\xad genoten, waaronder Japan, Canada en landen in West\xadEuropa, terwijl landen die deel uitmaakten van het communistische blok, inclusief China, USSR, Cuba en landen in Oost\xadEuropa, de ‘Tweede Wereld’ vormden. ‘Derde Wereld’ werd voor het eerst gebruikt (in een artikel van Alfred Sauvy in 1952) om die landen te beschrijven die politiek georiënteerd waren op de Eerste noch de Tweede Wereld. De term werd ook een economische indeling, die werd gebruikt om te verwijzen naar de armste landen en regio's van de wereld. Dit omvatte landen in Azië, Afrika, Latijns\xadAmerika en het Caribisch gebied, waarvan er velen voorheen door Europa waren gekoloniseerd. Steeds meer mensen vinden dat de term niet langer geschikt is, omdat het geen nauwkeurige beschrijving is van de complexiteit van de wereld en omdat het een verdeling van de wereld suggereert in westerse superioriteit en niet\xadwesterse inferioriteit.""]"
métis,"['Métis', 'etnische groep', 'inheemse bevolking']",[],[],"[""De term ‘Aboriginal' komt van de Latijnse woorden ab en origine, die samen ‘van het begin’ betekenen. ‘Aboriginal' komt vaak voor, onder andere in collectiedatabases van musea, om de oorspronkelijke bewoners van een plek te omschrijven. De term wordt vooral gebruikt om te verwijzen naar inheemse volken in Australië en Canada (zie: Inheems). In Canada heeft men echter recentelijk de voorkeur gegeven aan de term Inheems. ‘Aboriginal’ houdt onvoldoende rekening met de complexiteit en diversiteit van inheemse volken. Veel inheemse volken in beide landen willen geen ‘Aboriginal’ genoemd worden en geven de voorkeur aan andere termen die hun identiteit kenmerken, zoals taal, land en clan relaties. In Canada begon men de term toe te passen in de jaren 1980, toen men een juridische en overkoepelende term zocht om de bestaande – maar controversiële – categorieën ‘indiaan’, ‘Inuit’ en ‘Métis’ te beschrijven (zie: Indiaan en Eskimo).""]"
jap,"['afkorting', 'pejoratief', 'Jap']",[],"['Japanner', 'Jap']","['De term ‘Jappenkampen’ verwijst meestal naar de Japanse kampen in Azië tijdens de Tweede Wereldoorlog, en specifiek naar de kampen in het door Japan, bezette voormalige Nederlands\xad-Indië. Het woord ‘Jap’ is een pejoratieve afkorting van ‘Japanner’, ofwel een Japans persoon. ‘Jappenkamp’ is ook omstreden bij sommige slachtoffers en hun nazaten, omdat zij het gevoel hebben dat de term geen recht doet aan de wreedheden die in de kampen hebben plaatsgevonden. Om die reden heeft men de term ‘Japans concentratiekamp’ als alternatief gesuggereerd.']"
westers,[],[],[],"[""Het ‘westen’ is een ideologisch, historisch, economisch en geografisch concept waarvan de betekenis in de loop der tijd is veranderd. De term ‘westers’ staat voor een mentale en fysieke scheiding van de wereld waarin mensen, culturen, religies en regio's in een hiërarchie van categorieën zijn ingedeeld en wat de onderlinge verschillen onderstreept. De term wordt vaak gebruikt om de tegenstelling met ‘niet\xad-westers’ aan te duiden. Andere termen met vergelijkbare connotaties zijn onder andere ‘Derde Wereld’ (zie: Derde Wereld), ontwikkeld/onontwikkeld, etc.""]"
barbaar,"['barbaar', 'volk']",[],"['kannibaal', 'primitief iemand', 'nero', 'wreedaard', 'stommeling', 'heikneuter', 'pummel', 'primitieveling', 'onmens', 'plaag', 'boerenkaffer', 'onvriendelijke man', 'kinkel', 'vlegel', 'boerenkinkel', 'lomperd', 'kaffer', 'bullebak', 'wilde', 'beest', 'iemand zonder manieren', 'boerenhufter', 'onbeschoft persoon', 'barbaar', 'boerenlul', 'bruut', 'boer', 'boerenkarhengst', 'raudauwer', 'schurk', 'monster', 'de barbaren op de voetbaltribunes', 'woesteling', 'boerenpummel', 'beestmens', 'lomperik', 'plomperd', 'bloedhond', 'pestkop', 'grobbejanus', 'rouwdouw', 'onhandig iemand', 'plebejer', 'iemand die zuigt', 'een barbaar die zijn hond schopt', 'rouwdouwer', 'zeer onbeleefd iemand', 'kwelduivel', 'plaagstok', 'kwelgeest', 'botterik', 'palurk', 'woudezel', 'iemand die anderen pest', 'hufter', 'bloeddorstig persoon', 'hooligan', 'natuurmens', 'sar', 'natuurliefhebber', 'prehistorische mens', 'schelm', 'hork', 'beul', 'plaagal', 'proleet', 'onbeschaafd iemand', 'onbeschoft iemand', 'plaaggeest', 'treiteraar']","[""De term ‘barbaar' komt uit de klassieke oudheid. In het oude Griekenland verwees het naar mensen met een onbekende taal of cultuur. Vanaf de 16de eeuw werden kaarten en reisverslagen gemaakt die naar Noord\xad Afrika verwezen als ‘Barbarije' en naar de inwoners als ‘barbaren'. Deze woorden kregen in de volgende eeuwen een steeds negatievere associatie met piraterij en de slavenhandel en de betekenis van ‘barbaar' veranderde geleidelijk aan in onbeschaafd. Tegenwoordig wordt de term vaak gebruikt om aan te geven dat iets of iemand niet voldoet aan de algemeen aanvaarde normen en waarden, waarmee gewoonlijk de waarden van de hogere sociale klassen worden bedoeld.""]"
allochtoon,"['mens', 'sociale groep', 'allochtoon']",[],"['immigrant', 'de integratie van allochtonen in de Nederlandse samenleving', 'allochtoon']","[""‘Allochtoon’ wordt in het Nederlands gebruikt sinds de 20ste eeuw, oorspronkelijk als een geologische term. Het woord (waarvan het antoniem ‘autochtoon' is) betekent letterlijk ‘van een andere grond/ locatie'. Het werd in de jaren 1970 in Nederland geïntroduceerd als identiteitscategorie, ter vervanging voor ‘immigrant' dat in die tijd een steeds negatievere connotatie kreeg. De term was bedoeld als generieke term om iemand te benoemen die zelf, of waarvan een ouder buiten Nederland geboren was. De term werd echter gesplitst in de subcategorieën ‘westerse’ en ‘niet\xadwesterse’ allochtonen, waarmee een onderscheid gemaakt werd tussen verschillende categorieën buitenstaanders. De term is geleidelijk aan meer en meer gebruikt als synoniem voor mensen die zichtbaar anders lijken, bijvoorbeeld niet\xadwitte mensen. De term is impopulair geworden bij zowel beleidsmakers als het publiek en sommige gemeentes hebben zelfs besloten om het woord niet meer te gebruiken.""]"
neger,"['neger', 'inwonersnaam']",[],"['zwarte', 'negerin', 'roetmop', 'iemand met een donkere huidskleur', 'nikker', 'vrouw met donkere huidskleur', 'neger', 'iemand met donkere huidskleur', 'duivel', 'moor', 'neger of vies persoon']","['‘Neger’ komt van het Latijnse woord ‘niger’, dat zwart betekent. In het Nederlands werd de term vanaf de 17de eeuw gebruikt om te verwijzen naar Zwarte mensen in en uit (sub\xad-Sahara) Afrika. Niet veel later werd het een verwijzing naar tot slaaf gemaakte mensen, en werd het geassocieerd met de raciale wetenschappen van de 18de en 19de eeuw (zie: Kaukasisch en Ras). In de 20ste eeuw werd ‘neger’ gebruikt in een raciale typologie waarmee stereotiepe opvattingen gecreëerd werden over Zwarte mensen. Tegelijkertijd functioneerde het juist als onderdeel van de opkomende anti\xad-koloniale strijd en het toenemende Zwarte bewustzijn. Vandaag de dag wordt de term door zowel Zwarte en andere activisten, academici en anderen als zeer denigrerend beschouwd.', '‘Zwart’ is een identiteitscategorie met verschillende betekenissen in verschillende contexten, maar in het algemeen verwijst het naar mensen van Afrikaanse afkomst. De term is de vroegere raciale categorie ‘neger’ (zie: Neger) gaan vervangen, die nu door velen beschouwd wordt als denigrerend. In Nederland wordt ‘Zwart’ het meest gebruikt om mensen van Afrikaanse of Afro\xad-Caribische oorsprong te beschrijven. Op deze manier gebeurt dit ook in Groot\xad-Brittannië. Daar wordt de term echter ook gebruikt als verschillende niet\xadwitte groepen mensen te verenigen, die allen racistisch bejegend worden (ongeacht hun etnische of geografische afkomst). In Nederland is dat in mindere mate het geval. Ook in de Verenigde Staten verwijst de term vooral naar Afro\xad-Amerikanen: ‘mensen van kleur’ wordt gebruikt als een politieke categorie voor iedereen die niet wit is. Met name door de inspanningen van de Noord\xad-Amerikaanse Civil Rights en Black Power bewegingen, maar ook door de strijd tegen racisme wereldwijd, is ‘Zwart’ een identiteitscategorie geworden waar veel mensen van Afrikaanse afkomst trots op zijn. Daarmee neemt men afstand van eerdere stereotypen waarmee Zwarte mensen geassocieerd worden.', 'In het Nederlands komt de term ‘bosneger’ voort uit de termen ‘bosch’ en ‘neger’ (zie: Neger). Het was een pejoratieve term voor Afrikanen (en hun afstammelingen) die aan de slavernij ontsnapten in Suriname en de Guyana’s en in bergachtige gebieden gingen wonen. Hiervandaan vochten zij tegen kolonisatie. Sommige mensen in Suriname en in Nederland gebruiken de term vandaag de dag als synoniem voor ‘Marron’ en ‘Boslandcreool’ Hoewel de term ‘Marron’ ook betwist wordt, wordt deze beter aanvaard (zie: Marron).', '‘Mongool’ is een ouderwetse en aanstootgevende term die wordt gebruikt als verwijzing naar een zogenaamd raciaal type enerzijds en mensen met de genetische conditie Downsyndroom anderzijds. De term in zijn raciale definitie kwam voort uit de 18de en 19de\xad-eeuwse studies naar raciale verschillen. Het Mongoloïde of Mongoolse ras werd als overkoepelende term gebruikt voor verschillende inheemse volken in Oost\xad-Azië, Zuidoost\xad-Azië en de Arctische regio’s in Noord\xad-Amerika. De term is ouderwets en wordt in sommige situaties beschouwd als beledigend, zoals dat ook het geval is met de andere zogenaamde rassencategorieën ‘Kaukasisch’ en ‘neger’ (zie: Kaukasisch en Neger). De term wordt ook gebruikt voor mensen met het Downsyndroom, omdat hun gelaatstrekken een gelijkenis zouden vertonen met die van mensen van het zogenaamde Mongoolse ras. Vandaag de dag wordt de term als scheldwoord gebruikt voor mensen die ten onrechte worden beschouwd als achterlijk.']"
page,"['huishoudelijke hulp', 'page', 'adellijke titel', 'historisch beroep']",[],"['page', 'jongen als dienaar v.e. edelman']","[""‘Bediende’, ‘page’, ‘knecht’ en ‘baboe’ zijn termen die vaak voorkomen in museumdatabases, en dan met name in de beschrijvingen van schilderijen en foto’s. Deze verwante termen beschrijven een persoon die in andermans huishouden werkzaam is om huishoudelijke taken te verrichten, zoals koken en schoonmaken, of ter assistentie. De termen veronderstellen op zich geen grove uitbuiting ofschoon zij een hiërarchische relatie op basis van klasse en macht beschrijven die soms gekenmerkt wordt door uitbuiting. De veelvoudige en complexe relaties die bedienden kunnen hebben met hun meesters maken het niet makkelijk, zelfs riskant, om een oordeel te vellen over de rol van de bediende of de omstandigheden waaronder deze leefde. De term ‘page' beschrijft een jonge, mannelijke bediende die voor een edelman werkt, of – wanneer het de Renaissance betreft \xad als bediende voor modieuze dames en heren. Vandaag de dag wordt het in sommige kringen als vernederend of beledigend beschouwd om te verwijzen naar iemand als bediende of page. De term noemen in de beschrijving van historische schilderijen of foto’s kan in sommige gevallen echter wel worden aangeraden""]"
eskimo,"['etnische groep', ""eskimo's"", 'volk']","['Eskimo', ""Wordt gebruikt met betrekking tot de inheemse Arctische cultuur vóór contact met Europa. Gebruik termen zoals 'Chugach', 'Inuit' of 'Katlâdlit' voor namen van specifieke, hedendaagse inheemse volkeren.""]","['Eskimo', 'inwoner Groenland']","['De term ‘Eskimo’ (Esquimaux) verwijst naar de verschillende inheemse mensen in de (sub\xad-)Arctische regio’s in Noord\xad-Amerika, Groenland en Noordoost\xad-Siberië. De term is nooit algemeen gebruikt door leden van de gemeenschap om zichzelf in hun eigen taal te beschrijven, omdat ze hun eigen inheemse termen hanteren. Men is het niet eens over de taalkundige oorsprong van het woord; sommigen beschouwen de term als een Franse of Engelse versie van een inheemse term. Vandaag de dag wordt de term beter aanvaard in Alaska dan in Canada en Groenland, waar andere termen de voorkeur hebben en ‘Eskimo’ een pejoratieve betekenis heeft. De term komt nog maar zelden voor in officiëel gebruik. Het is niet eenvoudig om een alternatieve, overkoepelende term te vinden voor alle groepen in het Noordpoolgebied, hoewel ‘Eskimo\xad-Aleut’ gebruikt wordt om de taalfamilie te beschrijven.']"
wit,[],[],[],"['‘Gekleurd’ is een controversiële term waarmee iemand (of een groep mensen) wordt beschreven met een gemengde afkomst: wit Europees enerzijds en niet\xad-wit anderzijds, bijvoorbeeld mensen van Afrikaanse of Aziatische afkomst. In sommige gevallen wordt de term gebruikt voor Zwarte mensen. ‘Gekleurd’ kent verschillende gebruiksgeschiedenissen en betekenissen over de wereld, maar wordt over het algemeen als beledigend beschouwd. In Zuid\xad-Afrika beschrijft de term bijvoorbeeld iemand van gemengde afkomst, waaronder Khoisan, Maleis en Wit. In de VS werd de term voorheen vooral gebruikt voor Zwarte mensen of de Zwarte gemeenschap, en is restrictiever dan de vergelijkbare term ‘iemand/mensen van kleur’. In Nederland wordt de term eveneens voor Zwarte mensen of mensen van gemengde afkomst gebruikt. Er bestaan verschillende aan elkaar verbonden varianten op de term, zoals ‘gekleurd’, ‘met een kleurtje’ of ‘met een donkerdere huidskleur’. Het gebruik hiervan grijpt terug op het raciale idee van witheid als norm, en de termen worden steeds meer beschouwd als ongepast en denigrerend. Steeds meer mensen omarmen de Amerikaanse identiteitscategorie ‘iemand/mensen van kleur’ (in het Engels afgekort tot POC). De categorie ‘Zwarte en niet\xad-Zwarte mensen van kleur’ wordt tegen\xadwoordig ook steeds vaker gebruikt om niet\xad-witte mensen te omschrijven. Hoewel de termen ‘Zwart’ en ‘mensen van kleur’ voor velen algemeen aanvaardbare termen blijven, is het beter om die termen te gebruiken die mensen zelf gebruiken en respectvol vinden.', '‘Wit’ is lange tijd gebruikt om een raciale identiteit te beschrijven op basis van huidskleur, meestal voor bepaalde groepen Europeanen en hun emigrantenpopulatie over de hele wereld. De term wordt geassocieerd met de raciale wetenschappen in de 18de en 19de eeuw. ‘Wit’ is een ideologische categorie die onder meer geassocieerd wordt met Europa’s imperiale expansie. De term heeft de connotatie gekregen van vooruitgang, verfijning en ontwikkeld. Sinds het einde van de 20ste eeuw is er echter aanhoudende kritiek op deze sociale constructie van wit\xad-zijn als norm. Men verzet zich tegen ‘wit’ als identiteitscategorie, die ontstaan is als een rechtvaardiging en bekrachtiging van het discrimineren van niet\xadwitte mensen. In Nederland is er naast de toenemende kritiek op wit\xadzijn discussie over de vraag of men het woord ‘wit’ of ‘blank’ (zie: Blank) moet gebruiken.']"
ontwikkelingsland,"['land', 'geografische locatie', 'regio', 'ontwikkelingsland']","['ontwikkelingsland', 'Verwijst naar landen met een laag inkomen per hoofd van de bevolking en een weinig ontwikkelde industriële basis in vergelijking met andere landen.', 'ontwikkelingslanden']","['ontwikkelingsland', 'land met weinig (economische) groei', 'in de ontwikkelingslanden']","[""Hoewel de term ‘Derde Wereld’ nog steeds voorkomt in alledaags taalgebruik, wordt het beschouwd als een overblijfsel van de Koude Oorlogspolitiek. De wereld werd toen verdeeld in drie groepen op basis van politieke en economische oriëntaties of allianties. De term ‘Eerste Wereld’ beschrijft de Verenigde Staten en hun bond\xad genoten, waaronder Japan, Canada en landen in West\xadEuropa, terwijl landen die deel uitmaakten van het communistische blok, inclusief China, USSR, Cuba en landen in Oost\xadEuropa, de ‘Tweede Wereld’ vormden. ‘Derde Wereld’ werd voor het eerst gebruikt (in een artikel van Alfred Sauvy in 1952) om die landen te beschrijven die politiek georiënteerd waren op de Eerste noch de Tweede Wereld. De term werd ook een economische indeling, die werd gebruikt om te verwijzen naar de armste landen en regio's van de wereld. Dit omvatte landen in Azië, Afrika, Latijns\xadAmerika en het Caribisch gebied, waarvan er velen voorheen door Europa waren gekoloniseerd. Steeds meer mensen vinden dat de term niet langer geschikt is, omdat het geen nauwkeurige beschrijving is van de complexiteit van de wereld en omdat het een verdeling van de wereld suggereert in westerse superioriteit en niet\xadwesterse inferioriteit.""]"
queer,"['seksuele identiteit', 'identiteit', 'genderidentiteit', 'queer', 'overkoepelende term', 'geuzennaam']",[],[],"['Vooral sinds de jaren 1980 heeft ‘queer’ gediend als een overkoepelende term voor seksuele interesses en identiteiten die de sociale normen voor seksueel gedrag uitdagen. De term is niet alleen een afkorting voor ‘LGBT’, maar ook het volledige scala aan menselijke seksualiteit, bijvoorbeeld mensen met seksuele fetisjen of diegenen die polyamorie beoefenen. ‘Queer’ is teruggeclaimd als een politieke en seksuele identiteit waar men trots op kan zijn, waarbij men bewust afstand neemt van eerdere etymologische betekenissen als vreemd, dwars of nieuwsgierig. De term wordt echter nog steeds gebruikt als een negatieve benaming voor mensen die worden beschouwd als ‘seksueel afwijkend’.']"
inlander,"['Inlander', 'inheemse bevolking', 'Indonesiërs']",[],"['de tropenbossen bieden huisvesting aan miljoenen inlanders', 'inlander', 'oorspronkelijke bewoner v.e. land']","['De term ‘inlander’ wordt over het algemeen gebruikt als verwijzing naar inheemse groepen, specifiek naar die in voormalig Nederlands\xad-Indië. De term werd destijds gebruikt door de Nederlandse overheid als een juridische categorie. Hiermee maakte men een onderscheid tussen de mensen in de kolonie, en richtte de samenleving in volgens een op ras gebaseerd systeem. De term is inmiddels in onbruik geraakt, maar komt nog wel voor in databases.', ""‘Inboorling’ wordt vanaf de 13de eeuw in Nederland gebruikt en deelt zijn betekenis –\xad iemand geboren in het land \xad met de term ‘Inlander'. Het is echter een overdrijvende vorm ervan, en heeft de connotaties van primitief en wild. In het begin van de 19de eeuw werd de term door sommige mensen gebruikt om alle Indonesiërs te beschrijven, maar later werd het uitsluitend toegepast op zogenaamde stammen in Nederlandse koloniën. In de Koloniale Tentoonstelling van 1883 in Amsterdam werd de term ‘inboorlingen’ bijvoorbeeld gebruikt om volken uit zowel Indonesië als Suriname te beschrijven. In Suriname zelf werd het nooit gebruikt om de inheemse volken te omschrijven. Tegenwoordig wordt de term vooral geassocieerd met mensen die als primitief worden beschouwd.""]"
madras,"['grote stad', 'stad', 'cluster', 'Chennai', 'miljoenenstad']",[],"['Madras', 'Chennai']","['‘Bombay’ is het koloniale toponiem – de (nieuwe) naamgeving van geografische plaatsen door koloniale heersers – van de Indiase stad Mumbai. De term werd voor het eerst gebruikt in de 16de eeuw. Het hernoemen van plaatsen komt vaak voor, zowel vroeger als nu, en vaak vanwege politieke veranderingen. Zowel onder kolonialisme als tijdens dekolonisatie, maar ook nu nog, is dit een belangrijke ideologie. Koloniale overheersers noemden steden en andere plaatsen naar belangrijke figuren of plekken uit eigen land. Het hernoemen van plekken – dan wel door nieuwe namen te geven dan wel oude namen in ere te herstellen – is een belangrijk symbool voor nieuwe naties. De naam uit het koloniale tijdperk kan voor sommige inwoners beledigend zijn, omdat het een pijnlijke herinnering is aan het kolonialisme. Ook toen Mumbai onafhankelijk was geworden, bleef men het nog lang Bombay noemen. Calcutta (nu Kolkata) en Chennai (Madras) zijn vergelijkbare voorbeelden van koloniale toponiemen die verengelst werden tijdens de koloniale periode. Andere koloniale toponiemen zijn onder meer: Jakarta (Batavia), Myanmar (Birma) en Zimbabwe (Zuid\xad-Rhodesië).']"
derde wereld,"['groep', 'derde wereld']",[],[],"[""Hoewel de term ‘Derde Wereld’ nog steeds voorkomt in alledaags taalgebruik, wordt het beschouwd als een overblijfsel van de Koude Oorlogspolitiek. De wereld werd toen verdeeld in drie groepen op basis van politieke en economische oriëntaties of allianties. De term ‘Eerste Wereld’ beschrijft de Verenigde Staten en hun bond\xad genoten, waaronder Japan, Canada en landen in West\xadEuropa, terwijl landen die deel uitmaakten van het communistische blok, inclusief China, USSR, Cuba en landen in Oost\xadEuropa, de ‘Tweede Wereld’ vormden. ‘Derde Wereld’ werd voor het eerst gebruikt (in een artikel van Alfred Sauvy in 1952) om die landen te beschrijven die politiek georiënteerd waren op de Eerste noch de Tweede Wereld. De term werd ook een economische indeling, die werd gebruikt om te verwijzen naar de armste landen en regio's van de wereld. Dit omvatte landen in Azië, Afrika, Latijns\xadAmerika en het Caribisch gebied, waarvan er velen voorheen door Europa waren gekoloniseerd. Steeds meer mensen vinden dat de term niet langer geschikt is, omdat het geen nauwkeurige beschrijving is van de complexiteit van de wereld en omdat het een verdeling van de wereld suggereert in westerse superioriteit en niet\xadwesterse inferioriteit."", ""Het ‘westen’ is een ideologisch, historisch, economisch en geografisch concept waarvan de betekenis in de loop der tijd is veranderd. De term ‘westers’ staat voor een mentale en fysieke scheiding van de wereld waarin mensen, culturen, religies en regio's in een hiërarchie van categorieën zijn ingedeeld en wat de onderlinge verschillen onderstreept. De term wordt vaak gebruikt om de tegenstelling met ‘niet\xad-westers’ aan te duiden. Andere termen met vergelijkbare connotaties zijn onder andere ‘Derde Wereld’ (zie: Derde Wereld), ontwikkeld/onontwikkeld, etc.""]"
hottentot,"['etnische groep', 'Khoikhoi']",[],"['Hottentots', 'Hottentot']","['De term ‘Hottentot’ verwijst naar de Khoikhoi volken in het westen van Zuid\xad-Afrika. Het is een Nederlandse koloniale term die voor het eerst werd gebruikt in de 17de eeuw en die gebaseerd was op een imitatie van de klank van de taal van de Khoikhoi. ‘Hottentot’ had de connotatie van cultureel achterlijk of primitief, stereotypen die werden gecreëerd in de vroege koloniale periode. In de 19de eeuw werden Khoikhoi mensen met geweld uitgebuit. Ook werden ze tentoongesteld, als illustratie van een primitief type. Eerst als entertainment, maar later in het kader van wetenschappelijke koloniale kennis. Een bekend voorbeeld was de zogenaamde Hottentot Venus, Sarah Baartman, die vanaf 1810\xad-1815 in Europa werd getoond. Haar stoffelijk overschot werd tot 1974 in een Frans museum tentoongesteld en pas in 2002 teruggebracht naar Zuid\xad-Afrika.']"
knecht,[],[],"['iemand die een ander helpt', 'dienstknecht', 'hulp', 'knecht', 'helper', 'waterdrager', 'dienaar', 'assistent', 'In de Tour werd Indurain door zijn knechten in zijn ploeg geholpen']","[""‘Bediende’, ‘page’, ‘knecht’ en ‘baboe’ zijn termen die vaak voorkomen in museumdatabases, en dan met name in de beschrijvingen van schilderijen en foto’s. Deze verwante termen beschrijven een persoon die in andermans huishouden werkzaam is om huishoudelijke taken te verrichten, zoals koken en schoonmaken, of ter assistentie. De termen veronderstellen op zich geen grove uitbuiting ofschoon zij een hiërarchische relatie op basis van klasse en macht beschrijven die soms gekenmerkt wordt door uitbuiting. De veelvoudige en complexe relaties die bedienden kunnen hebben met hun meesters maken het niet makkelijk, zelfs riskant, om een oordeel te vellen over de rol van de bediende of de omstandigheden waaronder deze leefde. De term ‘page' beschrijft een jonge, mannelijke bediende die voor een edelman werkt, of – wanneer het de Renaissance betreft \xad als bediende voor modieuze dames en heren. Vandaag de dag wordt het in sommige kringen als vernederend of beledigend beschouwd om te verwijzen naar iemand als bediende of page. De term noemen in de beschrijving van historische schilderijen of foto’s kan in sommige gevallen echter wel worden aangeraden""]"
aboriginal,"['bevolking', 'aborigines', 'Australiërs', 'inheemse bevolking', 'inwoner']","['Australisch Aboriginal', 'Beschrijft de diverse soorten kunstwerken die zijn vervaardigd door de oorspronkelijke bewoners van Australië en hun afstammelingen. In de meeste gebieden van Australië worden tegenwoordig traditionele kunstvormen geproduceerd, maar veel Aboriginalkunstenaars beginnen inmiddels ook met allerlei andere media te werken, onder invloed van de mondialisering.']","['oorspronkelijke bewoner van Australië', 'aboriginal']","[""De term ‘Aboriginal' komt van de Latijnse woorden ab en origine, die samen ‘van het begin’ betekenen. ‘Aboriginal' komt vaak voor, onder andere in collectiedatabases van musea, om de oorspronkelijke bewoners van een plek te omschrijven. De term wordt vooral gebruikt om te verwijzen naar inheemse volken in Australië en Canada (zie: Inheems). In Canada heeft men echter recentelijk de voorkeur gegeven aan de term Inheems. ‘Aboriginal’ houdt onvoldoende rekening met de complexiteit en diversiteit van inheemse volken. Veel inheemse volken in beide landen willen geen ‘Aboriginal’ genoemd worden en geven de voorkeur aan andere termen die hun identiteit kenmerken, zoals taal, land en clan relaties. In Canada begon men de term toe te passen in de jaren 1980, toen men een juridische en overkoepelende term zocht om de bestaande – maar controversiële – categorieën ‘indiaan’, ‘Inuit’ en ‘Métis’ te beschrijven (zie: Indiaan en Eskimo).""]"
etniciteit,"['eigenschap', 'etniciteit']","['etniciteit', 'De perceptie van identiteit, onderscheidende kenmerken en betekenis die een groep met gezamelijke taalkundige, godsdienstige, nationale en soms raciale of andere culturele kenmerken heeft.']",['etniciteit'],"['‘Etniciteit’ verwijst naar de gedeelde sociale, culturele of historische ervaringen en praktijken van een groep mensen, bijvoorbeeld taal, religie of kleding, en meestal een nationale of regionale achtergrond. Mensen die deze kenmerken met elkaar delen, worden gezamenlijk omschreven als ‘etnische groep’. Hoewel dit een neutrale categorie lijkt te zijn, wordt het vaak gebruikt voor iemand of iets dat afwijkt van de norm of buitenlands is. Denk bijvoorbeeld aan ‘etnisch eten’ of ‘etnische muziek’. Wanneer het over mensen gaat, wordt de term normaal gesproken geassocieerd met minderheidsgroepen. Iedereen heeft echter een etnische identiteit. Etniciteit wordt soms verward met ras en door velen ten onrechte gebruikt als een alternatieve term, waar de verwijzing naar biologische verschillen omzeild wordt (zie: Ras).']"
jappenkamp,"['jappenkamp in Nederlands-Indië', 'concentratiekamp']",[],"['in een Jappenkamp', 'concentratiekamp van Japanners', 'jappenkamp']","['De term ‘Jappenkampen’ verwijst meestal naar de Japanse kampen in Azië tijdens de Tweede Wereldoorlog, en specifiek naar de kampen in het door Japan, bezette voormalige Nederlands\xad-Indië. Het woord ‘Jap’ is een pejoratieve afkorting van ‘Japanner’, ofwel een Japans persoon. ‘Jappenkamp’ is ook omstreden bij sommige slachtoffers en hun nazaten, omdat zij het gevoel hebben dat de term geen recht doet aan de wreedheden die in de kampen hebben plaatsgevonden. Om die reden heeft men de term ‘Japans concentratiekamp’ als alternatief gesuggereerd.']"
primitief,[],[],"['iemand die schildert in primitieve stijl', 'primitief', 'primitieven']","[""‘Primitief’ komt van het Latijnse woord primitivus, dat eerstgeboren of eerste in zijn soort betekent. In Europa werd het een synoniem voor de raciale en temporale ‘ander’ en werd de term toegepast op culturen die beschouwd werden als simpel, onbeschaafd en niet van deze tijd en ‘Europese’ kwaliteiten zoals ‘vooruitgang’ en ‘rationaliteit’ misten. Zo wordt de term nog steeds vaak gebruikt. ‘Primitivisme’ is een stroming in de beeldende kunst. Deze beweging waardeerde culturen en plekken die zij associeerden met de natuurlijke kwaliteit of romantiek van een eenvoudiger manier van leven. Dit in tegenstelling tot het geavanceerdere, geïndustrialiseerde Europa, zo dacht men. Zowel de term ‘primitief’ als ‘Primitivisme' zijn bekritiseerd door verschillende groepen, waaronder wetenschappers."", 'Historisch gezien werd de term gebruikt om iemand te omschrijven die deelneemt aan de rituele praktijk van het verkrijgen van trofee\xad-hoofden, bijvoorbeeld in tijden van oorlog. Dit ritueel werd op veel plaatsen en door vele volken over de hele wereld (inclusief Europeanen) uitgevoerd. In Nederland werd de term voor het eerst gebruikt in de 19de eeuw. Koppensnellen is al lang aanwezig in de populaire cultuur, bijvoorbeeld in boeken en films. Vaak om hiermee de indruk te wekken van primitieve, wilde, wrede en bloed\xad-dorstige volken uit de jungle. Dit geeft echter een verkeerde voorstelling van de significante rituele rol  die  koppensnellen had voor het goed functioneren van de samenlevingen die deze praktijken uitvoerden. Het gebruik van termen als deze versterkt het idee dat bepaalde mensen in wezen onveranderlijk en ‘primitief’ zijn.']"
mesties,"['Casta', 'Mesties']",[],"['mesties', 'kruising v.e. blanke en een indiaan']","[""De term ‘halfbloed’ is net als 'volbloed' ontstaan in samenhang met de 18de\xad- en 19de\xad-eeuwse ideeën over rassenverschillen. Dit waren  de hoogtijdagen van de raciale wetenschappen, die gebaseerd waren op het idee van het bestaan van biologische verschillen tussen rassen (zie: Ras). Bloed, zo dacht men toen, was de drager van hiërarchische eigenschappen, waarbij het ene soort bloed superieur was aan andere soorten. De term wordt meestal gebruikt voor mensen met een gemengde afkomst, namelijk wit en Europees, en niet\xad-wit. De term is vergelijkbaar met andere termen (uit deze lijst), zoals ‘mulat’ en ‘mesties’.""]"
